Workbook
Name TotalMonthlyExpenses: SUM(#REF!)
Name TotalMonthlyIncome: SUM(#REF!)

Sheet 대시보드
C2: (주) 넷폼알앤디 2026년 매출현황 | S2: 기준일자 | T2: =TODAY()-1 -> 46173
C6: 목표매출 | E6: 계약매출 | G6: 확정매출 | I6: 달성률 | K6: 수금예정액(v-) | M6: 관리미수금(v-) | O6: 수금률
C7: 23000000000 | E7: =Q13 -> 1.1832764e+10 | G7: =Q17 -> 7.5955742e+09 | I7: =IF(C7>0, G7/C7, 0) -> 0.33024235 | K7: =G32 -> 3574579090 | M7: =H32 -> 1152221050 | O7: =I32 -> 0.51040344
C11: 1. 월별 계약 매출
C12: 계약일기준 | D12: 25년12월 | E12: 1월 | F12: 2월 | G12: 3월 | H12: 4월 | I12: 5월 | J12: 6월 | K12: 7월 | L12: 8월 | M12: 9월 | N12: 10월 | O12: 11월 | P12: 12월 | Q12: 합계
C13: 총액 | D13: =SUMIFS(컨설팅!H:H,컨설팅!J:J,">="&DATE(2025,12,1),컨설팅!J:J,"<="&EOMONTH(DATE(2025,12,1),0))+SUMIFS(기술자문료!G:G,기술자문료!I:I,">="&DATE(2025,12,1),기술자문료!I:I,"<="&EOMONTH(DATE(2025,12,1),0))+SUMIFS(특허료!I:I,특허료!J:J,">="&DATE(2025,12,1),특허료!J:J,"<="&EOMONTH(DATE(2025,12,1),0))+SUMIFS(자재판매!P:P,자재판매!A:A,"2025-12*") -> 1441571640 | E13: =SUMIFS(컨설팅!H:H,컨설팅!J:J,">="&DATE(2026,1,1),컨설팅!J:J,"<="&EOMONTH(DATE(2026,1,1),0))+SUMIFS(기술자문료!G:G,기술자문료!I:I,">="&DATE(2026,1,1),기술자문료!I:I,"<="&EOMONTH(DATE(2026,1,1),0))+SUMIFS(특허료!I:I,특허료!J:J,">="&DATE(2026,1,1),특허료!J:J,"<="&EOMONTH(DATE(2026,1,1),0))+SUMIFS(자재판매!P:P,자재판매!A:A,"2026-01*")+D40+D41+D42 -> 299683191 | F13: =SUMIFS(컨설팅!H:H,컨설팅!J:J,">="&DATE(2026,2,1),컨설팅!J:J,"<="&EOMONTH(DATE(2026,2,1),0))+SUMIFS(기술자문료!G:G,기술자문료!I:I,">="&DATE(2026,2,1),기술자문료!I:I,"<="&EOMONTH(DATE(2026,2,1),0))+SUMIFS(특허료!I:I,특허료!J:J,">="&DATE(2026,2,1),특허료!J:J,"<="&EOMONTH(DATE(2026,2,1),0))+SUMIFS(자재판매!P:P,자재판매!A:A,"2026-02*")+E40+E41+E42 -> 415277984 | G13: =SUMIFS(컨설팅!H:H,컨설팅!J:J,">="&DATE(2026,3,1),컨설팅!J:J,"<="&EOMONTH(DATE(2026,3,1),0))+SUMIFS(기술자문료!G:G,기술자문료!I:I,">="&DATE(2026,3,1),기술자문료!I:I,"<="&EOMONTH(DATE(2026,3,1),0))+SUMIFS(특허료!I:I,특허료!J:J,">="&DATE(2026,3,1),특허료!J:J,"<="&EOMONTH(DATE(2026,3,1),0))+SUMIFS(자재판매!P:P,자재판매!A:A,"2026-03*")+F40+F41+F42 -> 2515390438 | H13: =SUMIFS(컨설팅!H:H,컨설팅!J:J,">="&DATE(2026,4,1),컨설팅!J:J,"<="&EOMONTH(DATE(2026,4,1),0))+SUMIFS(기술자문료!G:G,기술자문료!I:I,">="&DATE(2026,4,1),기술자문료!I:I,"<="&EOMONTH(DATE(2026,4,1),0))+SUMIFS(특허료!I:I,특허료!J:J,">="&DATE(2026,4,1),특허료!J:J,"<="&EOMONTH(DATE(2026,4,1),0))+SUMIFS(자재판매!P:P,자재판매!A:A,"2026-04*")+G40+G41+G42 -> 4405065720 | I13: =SUMIFS(컨설팅!H:H,컨설팅!J:J,">="&DATE(2026,5,1),컨설팅!J:J,"<="&EOMONTH(DATE(2026,5,1),0))+SUMIFS(기술자문료!G:G,기술자문료!I:I,">="&DATE(2026,5,1),기술자문료!I:I,"<="&EOMONTH(DATE(2026,5,1),0))+SUMIFS(특허료!I:I,특허료!J:J,">="&DATE(2026,5,1),특허료!J:J,"<="&EOMONTH(DATE(2026,5,1),0))+SUMIFS(자재판매!P:P,자재판매!A:A,"2026-05*")+H40+H41+H42 -> 2.6811314e+09 | J13: =SUMIFS(컨설팅!H:H,컨설팅!J:J,">="&DATE(2026,6,1),컨설팅!J:J,"<="&EOMONTH(DATE(2026,6,1),0))+SUMIFS(기술자문료!G:G,기술자문료!I:I,">="&DATE(2026,6,1),기술자문료!I:I,"<="&EOMONTH(DATE(2026,6,1),0))+SUMIFS(특허료!I:I,특허료!J:J,">="&DATE(2026,6,1),특허료!J:J,"<="&EOMONTH(DATE(2026,6,1),0))+SUMIFS(자재판매!P:P,자재판매!A:A,"2026-06*")+I40+I41+I42 -> 74643800 | K13: =SUMIFS(컨설팅!H:H,컨설팅!J:J,">="&DATE(2026,7,1),컨설팅!J:J,"<="&EOMONTH(DATE(2026,7,1),0))+SUMIFS(기술자문료!G:G,기술자문료!I:I,">="&DATE(2026,7,1),기술자문료!I:I,"<="&EOMONTH(DATE(2026,7,1),0))+SUMIFS(특허료!I:I,특허료!J:J,">="&DATE(2026,7,1),특허료!J:J,"<="&EOMONTH(DATE(2026,7,1),0))+SUMIFS(자재판매!P:P,자재판매!A:A,"2026-07*")+J40+J41+J42 -> 0 | L13: =SUMIFS(컨설팅!H:H,컨설팅!J:J,">="&DATE(2026,8,1),컨설팅!J:J,"<="&EOMONTH(DATE(2026,8,1),0))+SUMIFS(기술자문료!G:G,기술자문료!I:I,">="&DATE(2026,8,1),기술자문료!I:I,"<="&EOMONTH(DATE(2026,8,1),0))+SUMIFS(특허료!I:I,특허료!J:J,">="&DATE(2026,8,1),특허료!J:J,"<="&EOMONTH(DATE(2026,8,1),0))+SUMIFS(자재판매!P:P,자재판매!A:A,"2026-08*")+K40+K41+K42 -> 0 | M13: =SUMIFS(컨설팅!H:H,컨설팅!J:J,">="&DATE(2026,9,1),컨설팅!J:J,"<="&EOMONTH(DATE(2026,9,1),0))+SUMIFS(기술자문료!G:G,기술자문료!I:I,">="&DATE(2026,9,1),기술자문료!I:I,"<="&EOMONTH(DATE(2026,9,1),0))+SUMIFS(특허료!I:I,특허료!J:J,">="&DATE(2026,9,1),특허료!J:J,"<="&EOMONTH(DATE(2026,9,1),0))+SUMIFS(자재판매!P:P,자재판매!A:A,"2026-09*")+L40+L41+L42 -> 0 | N13: =SUMIFS(컨설팅!H:H,컨설팅!J:J,">="&DATE(2026,10,1),컨설팅!J:J,"<="&EOMONTH(DATE(2026,10,1),0))+SUMIFS(기술자문료!G:G,기술자문료!I:I,">="&DATE(2026,10,1),기술자문료!I:I,"<="&EOMONTH(DATE(2026,10,1),0))+SUMIFS(특허료!I:I,특허료!J:J,">="&DATE(2026,10,1),특허료!J:J,"<="&EOMONTH(DATE(2026,10,1),0))+SUMIFS(자재판매!P:P,자재판매!A:A,"2026-10*")+M40+M41+M42 -> 0 | O13: =SUMIFS(컨설팅!H:H,컨설팅!J:J,">="&DATE(2026,11,1),컨설팅!J:J,"<="&EOMONTH(DATE(2026,11,1),0))+SUMIFS(기술자문료!G:G,기술자문료!I:I,">="&DATE(2026,11,1),기술자문료!I:I,"<="&EOMONTH(DATE(2026,11,1),0))+SUMIFS(특허료!I:I,특허료!J:J,">="&DATE(2026,11,1),특허료!J:J,"<="&EOMONTH(DATE(2026,11,1),0))+SUMIFS(자재판매!P:P,자재판매!A:A,"2026-11*")+N40+N41+N42 -> 0 | P13: =SUMIFS(컨설팅!H:H,컨설팅!J:J,">="&DATE(2026,12,1),컨설팅!J:J,"<="&EOMONTH(DATE(2026,12,1),0))+SUMIFS(기술자문료!G:G,기술자문료!I:I,">="&DATE(2026,12,1),기술자문료!I:I,"<="&EOMONTH(DATE(2026,12,1),0))+SUMIFS(특허료!I:I,특허료!J:J,">="&DATE(2026,12,1),특허료!J:J,"<="&EOMONTH(DATE(2026,12,1),0))+SUMIFS(자재판매!P:P,자재판매!A:A,"2026-12*")+O40+O41+O42 -> 0 | Q13: =SUM(D13:P13) -> 1.1832764e+10
C15: 2. 월별 확정 매출
C16: 매출일기준 | D16: 25년12월 | E16: 1월 | F16: 2월 | G16: 3월 | H16: 4월 | I16: 5월 | J16: 6월 | K16: 7월 | L16: 8월 | M16: 9월 | N16: 10월 | O16: 11월 | P16: 12월 | Q16: 합계
C17: 총액 | D17: =SUMIFS(컨설팅!H:H,컨설팅!L:L,">="&DATE(2025,12,1),컨설팅!L:L,"<="&EOMONTH(DATE(2025,12,1),0))+SUMIFS(기술자문료!G:G,기술자문료!K:K,">="&DATE(2025,12,1),기술자문료!K:K,"<="&EOMONTH(DATE(2025,12,1),0))+SUMIFS(특허료!I:I,특허료!K:K,">="&DATE(2025,12,1),특허료!K:K,"<="&EOMONTH(DATE(2025,12,1),0))+SUMIFS(자재판매!P:P,자재판매!A:A,"2025-12*") -> 53520000 | E17: =SUMIFS(컨설팅!H:H,컨설팅!L:L,">="&DATE(2026,1,1),컨설팅!L:L,"<="&EOMONTH(DATE(2026,1,1),0))+SUMIFS(기술자문료!G:G,기술자문료!K:K,">="&DATE(2026,1,1),기술자문료!K:K,"<="&EOMONTH(DATE(2026,1,1),0))+SUMIFS(특허료!I:I,특허료!K:K,">="&DATE(2026,1,1),특허료!K:K,"<="&EOMONTH(DATE(2026,1,1),0))+SUMIFS(자재판매!P:P,자재판매!A:A,"2026-01*")+D40+D41+D42 -> 309083291 | F17: =SUMIFS(컨설팅!H:H,컨설팅!L:L,">="&DATE(2026,2,1),컨설팅!L:L,"<="&EOMONTH(DATE(2026,2,1),0))+SUMIFS(기술자문료!G:G,기술자문료!K:K,">="&DATE(2026,2,1),기술자문료!K:K,"<="&EOMONTH(DATE(2026,2,1),0))+SUMIFS(특허료!I:I,특허료!K:K,">="&DATE(2026,2,1),특허료!K:K,"<="&EOMONTH(DATE(2026,2,1),0))+SUMIFS(자재판매!P:P,자재판매!A:A,"2026-02*")+E40+E41+E42 -> 249691684 | G17: =SUMIFS(컨설팅!H:H,컨설팅!L:L,">="&DATE(2026,3,1),컨설팅!L:L,"<="&EOMONTH(DATE(2026,3,1),0))+SUMIFS(기술자문료!G:G,기술자문료!K:K,">="&DATE(2026,3,1),기술자문료!K:K,"<="&EOMONTH(DATE(2026,3,1),0))+SUMIFS(특허료!I:I,특허료!K:K,">="&DATE(2026,3,1),특허료!K:K,"<="&EOMONTH(DATE(2026,3,1),0))+SUMIFS(자재판매!P:P,자재판매!A:A,"2026-03*")+F40+F41+F42 -> 1672984738 | H17: =SUMIFS(컨설팅!H:H,컨설팅!L:L,">="&DATE(2026,4,1),컨설팅!L:L,"<="&EOMONTH(DATE(2026,4,1),0))+SUMIFS(기술자문료!G:G,기술자문료!K:K,">="&DATE(2026,4,1),기술자문료!K:K,"<="&EOMONTH(DATE(2026,4,1),0))+SUMIFS(특허료!I:I,특허료!K:K,">="&DATE(2026,4,1),특허료!K:K,"<="&EOMONTH(DATE(2026,4,1),0))+SUMIFS(자재판매!P:P,자재판매!A:A,"2026-04*")+G40+G41+G42 -> 2603006539 | I17: =SUMIFS(컨설팅!H:H,컨설팅!L:L,">="&DATE(2026,5,1),컨설팅!L:L,"<="&EOMONTH(DATE(2026,5,1),0))+SUMIFS(기술자문료!G:G,기술자문료!K:K,">="&DATE(2026,5,1),기술자문료!K:K,"<="&EOMONTH(DATE(2026,5,1),0))+SUMIFS(특허료!I:I,특허료!K:K,">="&DATE(2026,5,1),특허료!K:K,"<="&EOMONTH(DATE(2026,5,1),0))+SUMIFS(자재판매!P:P,자재판매!A:A,"2026-05*")+H40+H41+H42 -> 2.5493092e+09 | J17: =SUMIFS(컨설팅!H:H,컨설팅!L:L,">="&DATE(2026,6,1),컨설팅!L:L,"<="&EOMONTH(DATE(2026,6,1),0))+SUMIFS(기술자문료!G:G,기술자문료!K:K,">="&DATE(2026,6,1),기술자문료!K:K,"<="&EOMONTH(DATE(2026,6,1),0))+SUMIFS(특허료!I:I,특허료!K:K,">="&DATE(2026,6,1),특허료!K:K,"<="&EOMONTH(DATE(2026,6,1),0))+SUMIFS(자재판매!P:P,자재판매!A:A,"2026-06*")+I40+I41+I42 -> 211498750 | K17: =SUMIFS(컨설팅!H:H,컨설팅!L:L,">="&DATE(2026,7,1),컨설팅!L:L,"<="&EOMONTH(DATE(2026,7,1),0))+SUMIFS(기술자문료!G:G,기술자문료!K:K,">="&DATE(2026,7,1),기술자문료!K:K,"<="&EOMONTH(DATE(2026,7,1),0))+SUMIFS(특허료!I:I,특허료!K:K,">="&DATE(2026,7,1),특허료!K:K,"<="&EOMONTH(DATE(2026,7,1),0))+SUMIFS(자재판매!P:P,자재판매!A:A,"2026-07*")+J40+J41+J42 -> 0 | L17: =SUMIFS(컨설팅!H:H,컨설팅!L:L,">="&DATE(2026,8,1),컨설팅!L:L,"<="&EOMONTH(DATE(2026,8,1),0))+SUMIFS(기술자문료!G:G,기술자문료!K:K,">="&DATE(2026,8,1),기술자문료!K:K,"<="&EOMONTH(DATE(2026,8,1),0))+SUMIFS(특허료!I:I,특허료!K:K,">="&DATE(2026,8,1),특허료!K:K,"<="&EOMONTH(DATE(2026,8,1),0))+SUMIFS(자재판매!P:P,자재판매!A:A,"2026-08*")+K40+K41+K42 -> 0 | M17: =SUMIFS(컨설팅!H:H,컨설팅!L:L,">="&DATE(2026,9,1),컨설팅!L:L,"<="&EOMONTH(DATE(2026,9,1),0))+SUMIFS(기술자문료!G:G,기술자문료!K:K,">="&DATE(2026,9,1),기술자문료!K:K,"<="&EOMONTH(DATE(2026,9,1),0))+SUMIFS(특허료!I:I,특허료!K:K,">="&DATE(2026,9,1),특허료!K:K,"<="&EOMONTH(DATE(2026,9,1),0))+SUMIFS(자재판매!P:P,자재판매!A:A,"2026-09*")+L40+L41+L42 -> 0 | N17: =SUMIFS(컨설팅!H:H,컨설팅!L:L,">="&DATE(2026,10,1),컨설팅!L:L,"<="&EOMONTH(DATE(2026,10,1),0))+SUMIFS(기술자문료!G:G,기술자문료!K:K,">="&DATE(2026,10,1),기술자문료!K:K,"<="&EOMONTH(DATE(2026,10,1),0))+SUMIFS(특허료!I:I,특허료!K:K,">="&DATE(2026,10,1),특허료!K:K,"<="&EOMONTH(DATE(2026,10,1),0))+SUMIFS(자재판매!P:P,자재판매!A:A,"2026-10*")+M40+M41+M42 -> 0 | O17: =SUMIFS(컨설팅!H:H,컨설팅!L:L,">="&DATE(2026,11,1),컨설팅!L:L,"<="&EOMONTH(DATE(2026,11,1),0))+SUMIFS(기술자문료!G:G,기술자문료!K:K,">="&DATE(2026,11,1),기술자문료!K:K,"<="&EOMONTH(DATE(2026,11,1),0))+SUMIFS(특허료!I:I,특허료!K:K,">="&DATE(2026,11,1),특허료!K:K,"<="&EOMONTH(DATE(2026,11,1),0))+SUMIFS(자재판매!P:P,자재판매!A:A,"2026-11*")+N40+N41+N42 -> 0 | P17: =SUMIFS(컨설팅!H:H,컨설팅!L:L,">="&DATE(2026,12,1),컨설팅!L:L,"<="&EOMONTH(DATE(2026,12,1),0))+SUMIFS(기술자문료!G:G,기술자문료!K:K,">="&DATE(2026,12,1),기술자문료!K:K,"<="&EOMONTH(DATE(2026,12,1),0))+SUMIFS(특허료!I:I,특허료!K:K,">="&DATE(2026,12,1),특허료!K:K,"<="&EOMONTH(DATE(2026,12,1),0))+SUMIFS(자재판매!P:P,자재판매!A:A,"2026-12*")+O40+O41+O42 -> 0 | Q17: =SUM(E17:P17) -> 7.5955742e+09
C23: 3. 카테고리별 매출
C24: 매출구분 | D24: 현장수 | E24: 계약매출 | F24: 확정매출 | G24: 수금예정액 | H24: 관리미수금 | I24: 수금률
C25: 컨설팅 | D25: =MAX(컨설팅!B:B) -> 64 | E25: =SUMIFS(컨설팅!H:H,컨설팅!J:J,">="&DATE(2025,12,1),컨설팅!J:J,"<="&DATE(2026,12,31)) -> 4740931740 | F25: =SUMIFS(컨설팅!H:H,컨설팅!L:L,">="&DATE(2026,1,1),컨설팅!L:L,"<="&DATE(2026,12,31)) -> 2897704640 | G25: =SUMIFS(컨설팅!P:P,컨설팅!L:L,">="&DATE(2026,1,1),컨설팅!L:L,"<="&DATE(2026,12,31))/1.1 -> 1142699590 | H25: =SUM(SUMIFS(컨설팅!P:P,컨설팅!S:S,{"관리","장기미수"},컨설팅!L:L,">="&DATE(2026,1,1),컨설팅!L:L,"<="&DATE(2026,12,31)))/1.1 -> 2.902518e+08 | I25: =IF(F25>0, SUMIFS(컨설팅!O:O,컨설팅!L:L,">="&DATE(2025,12,1),컨설팅!L:L,"<="&DATE(2026,12,31))/1.1/F25, 0) -> 0.60565353
C26: 기술자문료 | D26: =MAX(기술자문료!B:B) -> 32 | E26: =SUMIFS(기술자문료!G:G,기술자문료!I:I,">="&DATE(2025,12,1),기술자문료!I:I,"<="&DATE(2026,12,31)) -> 2620658431 | F26: =SUMIFS(기술자문료!G:G,기술자문료!K:K,">="&DATE(2026,1,1),기술자문료!K:K,"<="&DATE(2026,12,31)) -> 226695500 | G26: =SUMIFS(기술자문료!O:O,기술자문료!K:K,">="&DATE(2026,1,1),기술자문료!K:K,"<="&DATE(2026,12,31))/1.1 -> 169133500 | H26: =SUM(SUMIFS(기술자문료!O:O,기술자문료!Q:Q,{"관리","장기미수"},기술자문료!K:K,">="&DATE(2026,1,1),기술자문료!K:K,"<="&DATE(2026,12,31)))/1.1 -> 7940000 | I26: =IF(F26>0, SUMIFS(기술자문료!N:N,기술자문료!K:K,">="&DATE(2025,12,1),기술자문료!K:K,"<="&DATE(2026,12,31))/1.1/F26, 0) -> 0.49000532
C27: 특허료 | D27: =MAX(특허료!B:B) -> 21 | E27: =SUMIFS(특허료!I:I,특허료!J:J,">="&DATE(2025,12,1),특허료!J:J,"<="&DATE(2026,12,31)) -> 55052907 | F27: =SUMIFS(특허료!I:I,특허료!K:K,">="&DATE(2026,1,1),특허료!K:K,"<="&DATE(2026,12,31)) -> 55052907 | G27: =SUM(특허료!O:O)/1.1 -> 14581550 | H27: =SUM(SUMIF(특허료!P:P,{"관리","장기미수"},특허료!O:O))/1.1 -> 0 | I27: =IF(F27>0, SUM(특허료!N:N)/1.1/F27, 0) -> 0.73513569
C28: 자재판매 | D28: =ROUND(SUMPRODUCT((자재판매!AG2:AG9891<>"")/COUNTIF(자재판매!AG2:AG9891,자재판매!AG2:AG9891&"")),0) -> 321 | E28: =SUMIFS(자재판매!P:P,자재판매!A:A,"2026-*") -> 4121617598 | F28: =SUMIFS(자재판매!P:P,자재판매!A:A,"2026-*") -> 4121617598 | G28: =SUM(자재판매!AK:AK)/1.1 -> 2248164450 | H28: =SUM(SUMIF(자재판매!AL:AL,{"관리","장기미수"},자재판매!AK:AK))/1.1 -> 8.5402925e+08 | I28: =IF(F28>0, SUM(자재판매!AJ:AJ)/1.1/F28, 0) -> 0.45454317
C29: 그로홈 | D29: - | E29: =F29 -> 187893551 | F29: =P40 -> 187893551 | G29: - | H29: - | I29: -
C30: 포어스토어 | D30: - | E30: =F30 -> 106771577 | F30: =P41 -> 106771577 | G30: - | H30: - | I30: -
C31: 모여라딜 | D31: - | E31: =F31 -> -161619 | F31: =P42 -> -161619 | G31: - | H31: - | I31: -
C32: 합계 | D32: =SUM(D25:D28) -> 438 | E32: =SUM(E25:E31) -> 1.1832764e+10 | F32: =SUM(F25:F31) -> 7.5955742e+09 | G32: =SUM(G25:G31) -> 3574579090 | H32: =SUM(H25:H31) -> 1152221050 | I32: =IF(SUM(F25:F28)>0, (SUM(F25:F28)-SUM(G25:G28))/SUM(F25:F28), 0) -> 0.51040344
C34: 4. 카테고리별 월별 매출
C35: 매출구분 | D35: 1월 | E35: 2월 | F35: 3월 | G35: 4월 | H35: 5월 | I35: 6월 | J35: 7월 | K35: 8월 | L35: 9월 | M35: 10월 | N35: 11월 | O35: 12월 | P35: 합계
C36: 컨설팅 | D36: =SUMIFS(컨설팅!H:H,컨설팅!L:L,">="&DATE(2026,1,1),컨설팅!L:L,"<="&EOMONTH(DATE(2026,1,1),0)) -> 59635000 | E36: =SUMIFS(컨설팅!H:H,컨설팅!L:L,">="&DATE(2026,2,1),컨설팅!L:L,"<="&EOMONTH(DATE(2026,2,1),0)) -> 9036000 | F36: =SUMIFS(컨설팅!H:H,컨설팅!L:L,">="&DATE(2026,3,1),컨설팅!L:L,"<="&EOMONTH(DATE(2026,3,1),0)) -> 590715300 | G36: =SUMIFS(컨설팅!H:H,컨설팅!L:L,">="&DATE(2026,4,1),컨설팅!L:L,"<="&EOMONTH(DATE(2026,4,1),0)) -> 1123702650 | H36: =SUMIFS(컨설팅!H:H,컨설팅!L:L,">="&DATE(2026,5,1),컨설팅!L:L,"<="&EOMONTH(DATE(2026,5,1),0)) -> 978119940 | I36: =SUMIFS(컨설팅!H:H,컨설팅!L:L,">="&DATE(2026,6,1),컨설팅!L:L,"<="&EOMONTH(DATE(2026,6,1),0)) -> 136495750 | J36: =SUMIFS(컨설팅!H:H,컨설팅!L:L,">="&DATE(2026,7,1),컨설팅!L:L,"<="&EOMONTH(DATE(2026,7,1),0)) -> 0 | K36: =SUMIFS(컨설팅!H:H,컨설팅!L:L,">="&DATE(2026,8,1),컨설팅!L:L,"<="&EOMONTH(DATE(2026,8,1),0)) -> 0 | L36: =SUMIFS(컨설팅!H:H,컨설팅!L:L,">="&DATE(2026,9,1),컨설팅!L:L,"<="&EOMONTH(DATE(2026,9,1),0)) -> 0 | M36: =SUMIFS(컨설팅!H:H,컨설팅!L:L,">="&DATE(2026,10,1),컨설팅!L:L,"<="&EOMONTH(DATE(2026,10,1),0)) -> 0 | N36: =SUMIFS(컨설팅!H:H,컨설팅!L:L,">="&DATE(2026,11,1),컨설팅!L:L,"<="&EOMONTH(DATE(2026,11,1),0)) -> 0 | O36: =SUMIFS(컨설팅!H:H,컨설팅!L:L,">="&DATE(2026,12,1),컨설팅!L:L,"<="&EOMONTH(DATE(2026,12,1),0)) -> 0 | P36: =SUM(D36:O36) -> 2897704640
C37: 기술자문료 | D37: =SUMIFS(기술자문료!G:G,기술자문료!K:K,">="&DATE(2026,1,1),기술자문료!K:K,"<="&EOMONTH(DATE(2026,1,1),0)) -> 16130000 | E37: =SUMIFS(기술자문료!G:G,기술자문료!K:K,">="&DATE(2026,2,1),기술자문료!K:K,"<="&EOMONTH(DATE(2026,2,1),0)) -> 18500000 | F37: =SUMIFS(기술자문료!G:G,기술자문료!K:K,">="&DATE(2026,3,1),기술자문료!K:K,"<="&EOMONTH(DATE(2026,3,1),0)) -> 0 | G37: =SUMIFS(기술자문료!G:G,기술자문료!K:K,">="&DATE(2026,4,1),기술자문료!K:K,"<="&EOMONTH(DATE(2026,4,1),0)) -> 23372000 | H37: =SUMIFS(기술자문료!G:G,기술자문료!K:K,">="&DATE(2026,5,1),기술자문료!K:K,"<="&EOMONTH(DATE(2026,5,1),0)) -> 168693500 | I37: =SUMIFS(기술자문료!G:G,기술자문료!K:K,">="&DATE(2026,6,1),기술자문료!K:K,"<="&EOMONTH(DATE(2026,7,1),0)) -> 0 | J37: =SUMIFS(기술자문료!G:G,기술자문료!K:K,">="&DATE(2026,7,1),기술자문료!K:K,"<="&EOMONTH(DATE(2026,7,1),0)) -> 0 | K37: =SUMIFS(기술자문료!G:G,기술자문료!K:K,">="&DATE(2026,8,1),기술자문료!K:K,"<="&EOMONTH(DATE(2026,8,1),0)) -> 0 | L37: =SUMIFS(기술자문료!G:G,기술자문료!K:K,">="&DATE(2026,9,1),기술자문료!K:K,"<="&EOMONTH(DATE(2026,9,1),0)) -> 0 | M37: =SUMIFS(기술자문료!G:G,기술자문료!K:K,">="&DATE(2026,10,1),기술자문료!K:K,"<="&EOMONTH(DATE(2026,10,1),0)) -> 0 | N37: =SUMIFS(기술자문료!G:G,기술자문료!K:K,">="&DATE(2026,11,1),기술자문료!K:K,"<="&EOMONTH(DATE(2026,11,1),0)) -> 0 | O37: =SUMIFS(기술자문료!G:G,기술자문료!K:K,">="&DATE(2026,12,1),기술자문료!K:K,"<="&EOMONTH(DATE(2026,12,1),0)) -> 0 | P37: =SUM(D37:O37) -> 226695500
C38: 특허료 | D38: =SUMIFS(특허료!I:I,특허료!K:K,">="&DATE(2026,1,1),특허료!K:K,"<="&EOMONTH(DATE(2026,1,1),0)) -> 10389700 | E38: =SUMIFS(특허료!I:I,특허료!K:K,">="&DATE(2026,2,1),특허료!K:K,"<="&EOMONTH(DATE(2026,2,1),0)) -> 1206700 | F38: =SUMIFS(특허료!I:I,특허료!K:K,">="&DATE(2026,3,1),특허료!K:K,"<="&EOMONTH(DATE(2026,3,1),0)) -> 5791250 | G38: =SUMIFS(특허료!I:I,특허료!K:K,">="&DATE(2026,4,1),특허료!K:K,"<="&EOMONTH(DATE(2026,4,1),0)) -> 4160100 | H38: =SUMIFS(특허료!I:I,특허료!K:K,">="&DATE(2026,5,1),특허료!K:K,"<="&EOMONTH(DATE(2026,5,1),0)) -> 33145957 | I38: =SUMIFS(특허료!I:I,특허료!K:K,">="&DATE(2026,6,1),특허료!K:K,"<="&EOMONTH(DATE(2026,6,1),0)) -> 359200 | J38: =SUMIFS(특허료!I:I,특허료!K:K,">="&DATE(2026,7,1),특허료!K:K,"<="&EOMONTH(DATE(2026,7,1),0)) -> 0 | K38: =SUMIFS(특허료!I:I,특허료!K:K,">="&DATE(2026,8,1),특허료!K:K,"<="&EOMONTH(DATE(2026,8,1),0)) -> 0 | L38: =SUMIFS(특허료!I:I,특허료!K:K,">="&DATE(2026,9,1),특허료!K:K,"<="&EOMONTH(DATE(2026,9,1),0)) -> 0 | M38: =SUMIFS(특허료!I:I,특허료!K:K,">="&DATE(2026,10,1),특허료!K:K,"<="&EOMONTH(DATE(2026,10,1),0)) -> 0 | N38: =SUMIFS(특허료!I:I,특허료!K:K,">="&DATE(2026,11,1),특허료!K:K,"<="&EOMONTH(DATE(2026,11,1),0)) -> 0 | O38: =SUMIFS(특허료!I:I,특허료!K:K,">="&DATE(2026,12,1),특허료!K:K,"<="&EOMONTH(DATE(2026,12,1),0)) -> 0 | P38: =SUM(D38:O38) -> 55052907
C39: 자재판매 | D39: =SUMIFS(자재판매!P:P,자재판매!A:A,"2026-01*") -> 179887520 | E39: =SUMIFS(자재판매!P:P,자재판매!A:A,"2026-02*") -> 163409173 | F39: =SUMIFS(자재판매!P:P,자재판매!A:A,"2026-03*") -> 984722100 | G39: =SUMIFS(자재판매!P:P,자재판매!A:A,"2026-04*") -> 1349605250 | H39: =SUMIFS(자재판매!P:P,자재판매!A:A,"2026-05*") -> 1369349755 | I39: =SUMIFS(자재판매!P:P,자재판매!A:A,"2026-06*") -> 74643800 | J39: =SUMIFS(자재판매!P:P,자재판매!A:A,"2026-07*") -> 0 | K39: =SUMIFS(자재판매!P:P,자재판매!A:A,"2026-08*") -> 0 | L39: =SUMIFS(자재판매!P:P,자재판매!A:A,"2026-09*") -> 0 | M39: =SUMIFS(자재판매!P:P,자재판매!A:A,"2026-10*") -> 0 | N39: =SUMIFS(자재판매!P:P,자재판매!A:A,"2026-11*") -> 0 | O39: =SUMIFS(자재판매!P:P,자재판매!A:A,"2026-12*") -> 0 | P39: =SUM(D39:O39) -> 4121617598
C40: 그로홈 | D40: 39599779 | E40: 44422582 | F40: 48634554 | G40: 55236636 | P40: =SUM(D40:O40) -> 187893551
C41: 포어스토어 | D41: 3233074 | E41: 13117229 | F41: 43580016 | G41: 46841258 | P41: =SUM(D41:O41) -> 106771577
C42: 모여라딜 | D42: 208218 | E42: 0 | F42: -458482 | G42: 88645 | P42: =SUM(D42:O42) -> -161619
C43: 월합계 | D43: =SUM(D36:D42) -> 309083291 | E43: =SUM(E36:E42) -> 249691684 | F43: =SUM(F36:F42) -> 1672984738 | G43: =SUM(G36:G42) -> 2603006539 | H43: =SUM(H36:H42) -> 2.5493092e+09 | I43: =SUM(I36:I42) -> 211498750 | J43: =SUM(J36:J42) -> 0 | K43: =SUM(K36:K42) -> 0 | ... P43: =SUM(P36:P42) -> 7.5955742e+09

Sheet 컨설팅
B1: 순번 | C1: 매출구분 | D1: 업체명 | E1: 현장명 | F1: 총실행가 | G1: 계약금액(V-) | H1: 매출금액(v-) | I1: 구분 | J1: 계약일 | K1: 착공일 | L1: 매출일 | M1: 입금예정일 | N1: 입금일 | O1: 입금액(V+) | P1: 수금예정액(V+) | Q1: 준공일 | R1: 정산소요일 | S1: 입금지연 | T1: 자재판매 | U1: 컨설팅 순이익금 | V1: 이익률 | X1: 현장 소장 | Y1: 단가 | Z1: 노임 금액 | AB1: 추가노무비 | AC1: 안전관리비 | AD1: 장비대금 | AE1: 폐기물 | AF1: 기타 | AG1: 차감총액
B2: 1 | C2: 컨설팅현장 | D2: (주)부영씨엔씨 | E2: 탑마을타워빌 | F2: 425790000 | G2: 311676000 | H2: 91762800 | I2: 선금 | K2: 45950 | L2: 45947 | N2: 46092 | O2: =H2*1.1 -> 1.0093908e+08 | P2: =IF(L2="", 0, (H2*1.1)-O2) -> 0 | Q2: =Q4 -> 46094 | S2: =IF(OR(L2="",P2=0),"",IF(I2="선금",IF(TODAY()-L2>=91,"장기미수",IF(TODAY()-L2>=21,"관리","")),IF(TODAY()-L2>=91,"장기미수",IF(TODAY()-L2>=31,"관리","")))) | U2: =G2-T2-AG2 -> 258800140 | V2: =U2/F2 -> 0.60781169 | X2: 이성수 | Y2: 13000 | Z2: 59605000 | AB2: 27050000 | AD2: 2600000 | AE2: 3600000 | AF2: 19625860 | AG2: =SUM(AB2:AF2) -> 52875860
B3: 1 | C3: =C2 -> 컨설팅현장 | D3: =D2 -> (주)부영씨엔씨 | E3: =E2 -> 탑마을타워빌 | H3: 91762800 | I3: 중도금 | K3: =K2 -> 45950 | L3: 45976 | N3: 2026-04-20/29 | O3: =H3*1.1 -> 1.0093908e+08 | P3: =IF(L3="", 0, (H3*1.1)-O3) -> 0 | Q3: =Q4 -> 46094 | S3: =IF(OR(L3="",P3=0),"",IF(I3="선금",IF(TODAY()-L3>=91,"장기미수",IF(TODAY()-L3>=21,"관리","")),IF(TODAY()-L3>=91,"장기미수",IF(TODAY()-L3>=31,"관리","")))) | X3: 신현섭/윤성환 | Y3: 13000 | Z3: 54509000
B4: 1 | C4: =C3 -> 컨설팅현장 | D4: =D3 -> (주)부영씨엔씨 | E4: =E3 -> 탑마을타워빌 | G4: =-AG2 -> -52875860 | H4: =(G2-H2-H3)-AG2 -> 75274540 | I4: 잔금 | J4: 45992 | K4: =K3 -> 45950 | L4: 46171 | P4: =IF(L4="", 0, (H4*1.1)-O4) -> 82801994 | Q4: 46094 | S4: =IF(OR(L4="",P4=0),"",IF(I4="선금",IF(TODAY()-L4>=91,"장기미수",IF(TODAY()-L4>=21,"관리","")),IF(TODAY()-L4>=91,"장기미수",IF(TODAY()-L4>=31,"관리",""))))
B5: =IF(I4="잔금", B4+1, B4) -> 2 | C5: 컨설팅현장 | D5: (주)석민이앤씨 | E5: 아시아선수촌 | F5: 430000000 | G5: 292310000 | H5: 52342000 | I5: 선금 | K5: 45912 | L5: 45932 | N5: 45945 | Q5: =Q7 -> 46010 | S5: =IF(OR(L5="",P5=0),"",IF(I5="선금",IF(TODAY()-L5>=91,"장기미수",IF(TODAY()-L5>=21,"관리","")),IF(TODAY()-L5>=91,"장기미수",IF(TODAY()-L5>=31,"관리","")))) | U5: =G5-180715300-AG5 -> 35945700 | V5: =U5/F5 -> 0.083594651 | X5: 이준경 | Y5: 12000 | Z5: 141660000 | AB5: 11260000 | AE5: 350000 | AF5: 64039000 | AG5: =SUM(AB5:AF5) -> 75649000
B6: =IF(I5="잔금", B5+1, B5) -> 2 | C6: =C5 -> 컨설팅현장 | D6: =D5 -> (주)석민이앤씨 | E6: =E5 -> 아시아선수촌 | H6: 104684000 | I6: 중도금 | K6: =K5 -> 45912 | L6: 45975 | N6: 46006 | Q6: =Q7 -> 46010 | S6: =IF(OR(L6="",P6=0),"",IF(I6="선금",IF(TODAY()-L6>=91,"장기미수",IF(TODAY()-L6>=21,"관리","")),IF(TODAY()-L6>=91,"장기미수",IF(TODAY()-L6>=31,"관리","")))) | X6: 장진호 | Z6: 26630000
B7: =IF(I6="잔금", B6+1, B6) -> 2 | C7: =C6 -> 컨설팅현장 | D7: =D6 -> (주)석민이앤씨 | E7: =E6 -> 아시아선수촌 | G7: =-AG5 -> -75649000 | H7: =G5-H5-H6+G7 -> 59635000 | I7: 잔금 | J7: 45992 | K7: =K6 -> 45912 | L7: 46038 | M7: =IF(L7<>"", L7+30, "") -> 46068 | N7: 46066 | O7: =H7*1.1 -> 65598500 | P7: =IF(L7="", 0, (H7*1.1)-O7) -> 0 | Q7: 46010 | R7: =N7-Q7 -> 56 | S7: =IF(OR(L7="",P7=0),"",IF(I7="선금",IF(TODAY()-L7>=91,"장기미수",IF(TODAY()-L7>=21,"관리","")),IF(TODAY()-L7>=91,"장기미수",IF(TODAY()-L7>=31,"관리",""))))
B8: =IF(I7="잔금", B7+1, B7) -> 3 | C8: 컨설팅현장 | D8: (주)이음건설 | E8: 행원마을동아솔레시티 | F8: 450000000 | G8: =F8-Z8 -> 272578000 | H8: 54515600 | I8: 선금 | K8: 45961 | L8: 45964 | N8: 45970 | O8: =54515600*1.1 -> 59967160 | P8: =IF(L8="", 0, (H8*1.1)-O8) -> 0 | Q8: =Q10 -> 46133 | S8: =IF(OR(L8="",P8=0),"",IF(I8="선금",IF(TODAY()-L8>=91,"장기미수",IF(TODAY()-L8>=21,"관리","")),IF(TODAY()-L8>=91,"장기미수",IF(TODAY()-L8>=31,"관리","")))) | T8: 158539700 | U8: =G8-T8-AG8 -> 92712300 | V8: =U8/F8 -> 0.20602733 | X8: 조종억 | Y8: 19000 | Z8: 177422000 | AB8: 18676000 | AE8: 2650000 | AG8: =SUM(AB8:AF8) -> 21326000
B9: =IF(I8="잔금", B8+1, B8) -> 3 | C9: =C8 -> 컨설팅현장 | D9: =D8 -> (주)이음건설 | E9: =E8 -> 행원마을동아솔레시티 | H9: 109031200 | I9: 중도금 | J9: 45992 | K9: =K8 -> 45961 | L9: 46111 | M9: =IF(L9<>"", L9+30, "") -> 46141 | N9: 46127 | O9: =H9*1.1 -> 1.1993432e+08 | P9: =IF(L9="", 0, (H9*1.1)-O9) -> 0 | Q9: =Q10 -> 46133 | S9: =IF(OR(L9="",P9=0),"",IF(I9="선금",IF(TODAY()-L9>=91,"장기미수",IF(TODAY()-L9>=21,"관리","")),IF(TODAY()-L9>=91,"장기미수",IF(TODAY()-L9>=31,"관리",""))))
B10: =IF(I9="잔금", B9+1, B9) -> 3 | C10: =C9 -> 컨설팅현장 | D10: =D9 -> (주)이음건설 | E10: =E9 -> 행원마을동아솔레시티 | G10: =-AG8 -> -21326000 | H10: =G8-H8-H9-AG8 -> 87705200 | I10: 잔금 | J10: 45992 | K10: =K9 -> 45961 | L10: 46141 | M10: =IF(L10<>"", L10+30, "") -> 46171 | P10: =IF(L10="", 0, (H10*1.1)-O10) -> 96475720 | Q10: 46133 | S10: =IF(OR(L10="",P10=0),"",IF(I10="선금",IF(TODAY()-L10>=91,"장기미수",IF(TODAY()-L10>=21,"관리","")),IF(TODAY()-L10>=91,"장기미수",IF(TODAY()-L10>=31,"관리","")))) -> 관리
B11: =IF(I10="잔금", B10+1, B10) -> 4 | C11: 컨설팅현장 | D11: (주)석민이앤씨 | E11: 강서힐스테이트 | F11: 114700000 | G11: 59588500 | H11: 11917700 | I11: 선금 | K11: 45981 | L11: 45979 | N11: 45989 | O11: =H11*1.1 -> 13109470 | P11: =IF(L11="", 0, (H11*1.1)-O11) -> 0 | Q11: =Q13 -> 46113 | S11: =IF(OR(L11="",P11=0),"",IF(I11="선금",IF(TODAY()-L11>=91,"장기미수",IF(TODAY()-L11>=21,"관리","")),IF(TODAY()-L11>=91,"장기미수",IF(TODAY()-L11>=31,"관리","")))) | T11: 60795200 | U11: =G11-T11-AG11 -> -4804200 | V11: =U11/F11 -> -0.041884917 | X11: 이성수 | Y11: 18500 | Z11: 55111500 | AB11: 2147500 | AD11: 1450000 | AG11: =SUM(AB11:AF11) -> 3597500
B12: =IF(I11="잔금", B11+1, B11) -> 4 | C12: =C11 -> 컨설팅현장 | D12: =D11 -> (주)석민이앤씨 | E12: =E11 -> 강서힐스테이트 | H12: =G11*40% -> 23835400 | I12: 중도금 | J12: 45992 | K12: =K11 -> 45981 | L12: 46104 | M12: =IF(L12<>"", L12+30, "") -> 46134 | N12: 46127 | O12: =H12*1.1 -> 26218940 | P12: =IF(L12="", 0, (H12*1.1)-O12) -> 0 | Q12: =Q13 -> 46113 | S12: =IF(OR(L12="",P12=0),"",IF(I12="선금",IF(TODAY()-L12>=91,"장기미수",IF(TODAY()-L12>=21,"관리","")),IF(TODAY()-L12>=91,"장기미수",IF(TODAY()-L12>=31,"관리",""))))
B13: =IF(I12="잔금", B12+1, B12) -> 4 | C13: =C12 -> 컨설팅현장 | D13: =D12 -> (주)석민이앤씨 | E13: =E12 -> 강서힐스테이트 | G13: =-AG11 -> -3597500 | H13: =(G11*40%)-AG11 -> 20237900 | I13: 잔금 | J13: 45992 | K13: =K12 -> 45981 | L13: 46120 | M13: =IF(L13<>"", L13+30, "") -> 46150 | N13: 46171 | O13: =H13*1.1 -> 22261690 | P13: =IF(L13="", 0, (H13*1.1)-O13) -> 0 | Q13: 46113 | R13: =N13-Q13 -> 58 | S13: =IF(OR(L13="",P13=0),"",IF(I13="선금",IF(TODAY()-L13>=91,"장기미수",IF(TODAY()-L13>=21,"관리","")),IF(TODAY()-L13>=91,"장기미수",IF(TODAY()-L13>=31,"관리",""))))
B14: =IF(I13="잔금", B13+1, B13) -> 5 | C14: 컨설팅현장 | D14: 여름건설㈜ | E14: 원불교안암교당 | F14: 46890000 | G14: =F14-Z14 -> 41640000 | H14: 14756000 | I14: 선금 | K14: 45987 | L14: 45988 | N14: 45989 | O14: =H14*1.1 -> 16231600 | P14: =IF(L14="", 0, (H14*1.1)-O14) -> 0 | Q14: =Q16 -> 46095 | S14: =IF(OR(L14="",P14=0),"",IF(I14="선금",IF(TODAY()-L14>=91,"장기미수",IF(TODAY()-L14>=21,"관리","")),IF(TODAY()-L14>=91,"장기미수",IF(TODAY()-L14>=31,"관리","")))) | T14: 6151500 | U14: =G14-T14-AG14 -> 7688500 | V14: =U14/F14 -> 0.16396886 | X14: 조병철/조재부 | Y14: 14000 | Z14: 5250000 | AB14: 21000000 | AD14: 3000000 | AE14: 100000 | AF14: =1700000+2000000 -> 3700000 | AG14: =SUM(AB14:AF14) -> 27800000
B15: =IF(I14="잔금", B14+1, B14) -> 5 | C15: =C14 -> 컨설팅현장 | D15: =D14 -> 여름건설㈜ | E15: =E14 -> 원불교안암교당 | I15: 중도금 | K15: =K14 -> 45987 | P15: =IF(L15="", 0, (H15*1.1)-O15) -> 0 | Q15: =Q16 -> 46095 | S15: =IF(OR(L15="",P15=0),"",IF(I15="선금",IF(TODAY()-L15>=91,"장기미수",IF(TODAY()-L15>=21,"관리","")),IF(TODAY()-L15>=91,"장기미수",IF(TODAY()-L15>=31,"관리","")))) | X15: 손영구(재도장)
B16: =IF(I15="잔금", B15+1, B15) -> 5 | C16: =C15 -> 컨설팅현장 | D16: =D15 -> 여름건설㈜ | E16: =E15 -> 원불교안암교당 | G16: =-AG14 -> -27800000 | H16: =F14-H14-Z14-AG14 -> -916000 | I16: 잔금 | J16: 45992 | K16: =K15 -> 45987 | L16: 46133 | N16: 46133 | O16: -1007600 | P16: =IF(L16="", 0, (H16*1.1)-O16) -> -1.1641532e-10 | Q16: 46095 | R16: =N16-Q16 -> 38 | S16: =IF(OR(L16="",P16=0),"",IF(I16="선금",IF(TODAY()-L16>=91,"장기미수",IF(TODAY()-L16>=21,"관리","")),IF(TODAY()-L16>=91,"장기미수",IF(TODAY()-L16>=31,"관리","")))) -> 관리
B17: =IF(I16="잔금", B16+1, B16) -> 6 | C17: 컨설팅현장 | D17: 신화건설㈜ | E17: 광명노온정수장 | F17: 14500000 | G17: 10336000 | I17: 선금 | K17: 46000 | P17: =IF(L17="", 0, (H17*1.1)-O17) -> 0 | Q17: =Q19 -> 46080 | S17: =IF(OR(L17="",P17=0),"",IF(I17="선금",IF(TODAY()-L17>=91,"장기미수",IF(TODAY()-L17>=21,"관리","")),IF(TODAY()-L17>=91,"장기미수",IF(TODAY()-L17>=31,"관리","")))) | T17: 8440100 | U17: =G17-T17-AG17 -> 595900 | V17: =U17/F17 -> 0.041096552 | X17: 정상혁 | Y17: 12000 | Z17: 4164000 | AB17: 750000 | AD17: 400000 | AE17: =130000+20000 -> 150000 | AG17: =SUM(AB17:AF17) -> 1300000
B18: =IF(I17="잔금", B17+1, B17) -> 6 | C18: =C17 -> 컨설팅현장 | D18: =D17 -> 신화건설㈜ | E18: =E17 -> 광명노온정수장 | I18: 중도금 | K18: =K17 -> 46000 | P18: =IF(L18="", 0, (H18*1.1)-O18) -> 0 | Q18: =Q19 -> 46080 | S18: =IF(OR(L18="",P18=0),"",IF(I18="선금",IF(TODAY()-L18>=91,"장기미수",IF(TODAY()-L18>=21,"관리","")),IF(TODAY()-L18>=91,"장기미수",IF(TODAY()-L18>=31,"관리",""))))
B19: =IF(I18="잔금", B18+1, B18) -> 6 | C19: =C18 -> 컨설팅현장 | D19: =D18 -> 신화건설㈜ | E19: =E18 -> 광명노온정수장 | G19: =-AG17 -> -1300000 | H19: =(G17)-AG17 -> 9036000 | I19: 잔금 | J19: 45992 | K19: =K18 -> 46000 | L19: 46080 | M19: =IF(L19<>"", L19+30, "") -> 46110 | N19: 46112 | O19: =H19*1.1 -> 9939600 | P19: =IF(L19="", 0, (H19*1.1)-O19) -> 0 | Q19: 46080 | R19: =N19-Q19 -> 32 | S19: =IF(OR(L19="",P19=0),"",IF(I19="선금",IF(TODAY()-L19>=91,"장기미수",IF(TODAY()-L19>=21,"관리","")),IF(TODAY()-L19>=91,"장기미수",IF(TODAY()-L19>=31,"관리",""))))
B20: =IF(I19="잔금", B19+1, B19) -> 7 | C20: 컨설팅현장 | D20: (주)에이치제이건설 | E20: 해운대센텀트루엘 | F20: 89000000 | G20: =F20-Z20 -> 55577000 | H20: =G20*20% -> 11115400 | I20: 선금 | J20: 46084 | K20: 46085 | L20: 46085 | M20: =IF(L20<>"", L20+20, "") -> 46105 | N20: 46118 | O20: =H20*1.1 -> 12226940 | P20: =IF(L20="", 0, (H20*1.1)-O20) -> 0 | Q20: =Q22 -> 46144 | S20: =IF(OR(L20="",P20=0),"",IF(I20="선금",IF(TODAY()-L20>=91,"장기미수",IF(TODAY()-L20>=21,"관리","")),IF(TODAY()-L20>=91,"장기미수",IF(TODAY()-L20>=31,"관리","")))) | U20: =G20-T20-AG20 -> 54777000 | V20: =U20/F20 -> 0.61547191 | X20: 김용진 | Y20: 13000 | Z20: =2571*Y20 -> 33423000 | AE20: 800000 | AG20: =SUM(AB20:AF20) -> 800000
B21: =IF(I20="잔금", B20+1, B20) -> 7 | C21: =C20 -> 컨설팅현장 | D21: =D20 -> (주)에이치제이건설 | E21: =E20 -> 해운대센텀트루엘 | H21: =G20*40% -> 22230800 | I21: 중도금 | J21: =J20 -> 46084 | K21: =K20 -> 46085 | L21: 46115 | M21: =IF(L21<>"", L21+30, "") -> 46145 | N21: 46127 | O21: =H21*1.1 -> 24453880 | P21: =IF(L21="", 0, (H21*1.1)-O21) -> 0 | Q21: =Q22 -> 46144 | S21: =IF(OR(L21="",P21=0),"",IF(I21="선금",IF(TODAY()-L21>=91,"장기미수",IF(TODAY()-L21>=21,"관리","")),IF(TODAY()-L21>=91,"장기미수",IF(TODAY()-L21>=31,"관리",""))))
B22: =IF(I21="잔금", B21+1, B21) -> 7 | C22: =C21 -> 컨설팅현장 | D22: =D21 -> (주)에이치제이건설 | E22: =E21 -> 해운대센텀트루엘 | G22: =-AG20 -> -800000 | H22: =(G20*40%)-AG20 -> 21430800 | I22: 잔금 | J22: =J21 -> 46084 | K22: =K21 -> 46085 | L22: 46157 | M22: =IF(L22<>"", L22+30, "") -> 46187 | P22: =IF(L22="", 0, (H22*1.1)-O22) -> 23573880 | Q22: 46144 | S22: =IF(OR(L22="",P22=0),"",IF(I22="선금",IF(TODAY()-L22>=91,"장기미수",IF(TODAY()-L22>=21,"관리","")),IF(TODAY()-L22>=91,"장기미수",IF(TODAY()-L22>=31,"관리",""))))
B23: =IF(I22="잔금", B22+1, B22) -> 8 | C23: 컨설팅현장 | D23: 여름건설㈜ | E23: 자양10차현대홈타운 | F23: 30420000 | G23: =F23-Z23 -> 21771000 | H23: =G23*20% -> 4354200 | I23: 선금 | J23: 45999 | K23: 46098 | L23: 46099 | M23: =IF(L23<>"", L23+20, "") -> 46119 | N23: 46127 | O23: =H23*1.1 -> 4789620 | P23: =IF(L23="", 0, (H23*1.1)-O23) -> 0 | Q23: =Q25 -> 46105 | S23: =IF(OR(L23="",P23=0),"",IF(I23="선금",IF(TODAY()-L23>=91,"장기미수",IF(TODAY()-L23>=21,"관리","")),IF(TODAY()-L23>=91,"장기미수",IF(TODAY()-L23>=31,"관리","")))) | T23: 10983800 | U23: =G23-T23-AG23 -> 9611200 | V23: =U23/F23 -> 0.31595003 | X23: 윤정삼 | Y23: 12,000/15,000 | Z23: =(12000*107)+(12000*85)+(15000*423) -> 8649000 | AB23: 1076000 | AE23: 100000 | AG23: =SUM(AB23:AF23) -> 1176000
B24: =IF(I23="잔금", B23+1, B23) -> 8 | C24: 컨설팅현장 | D24: =D23 -> 여름건설㈜ | E24: =E23 -> 자양10차현대홈타운 | H24: =G23*40% -> 8708400 | I24: 중도금 | J24: =J23 -> 45999 | K24: =K23 -> 46098 | L24: 46104 | M24: =IF(L24<>"", L24+30, "") -> 46134 | N24: 46127 | O24: =H24*1.1 -> 9579240 | P24: =IF(L24="", 0, (H24*1.1)-O24) -> 0 | Q24: =Q25 -> 46105 | S24: =IF(OR(L24="",P24=0),"",IF(I24="선금",IF(TODAY()-L24>=91,"장기미수",IF(TODAY()-L24>=21,"관리","")),IF(TODAY()-L24>=91,"장기미수",IF(TODAY()-L24>=31,"관리",""))))
B25: =IF(I24="잔금", B24+1, B24) -> 8 | C25: 컨설팅현장 | D25: =D24 -> 여름건설㈜ | E25: =E24 -> 자양10차현대홈타운 | G25: =-AG23 -> -1176000 | H25: =(G23*40%)-AG23 -> 7532400 | I25: 잔금 | J25: =J24 -> 45999 | K25: =K24 -> 46098 | L25: 46126 | M25: =IF(L25<>"", L25+30, "") -> 46156 | N25: 46154 | O25: =H25*1.1 -> 8285640 | P25: =IF(L25="", 0, (H25*1.1)-O25) -> 0 | Q25: 46105 | R25: =N25-Q25 -> 49 | S25: =IF(OR(L25="",P25=0),"",IF(I25="선금",IF(TODAY()-L25>=91,"장기미수",IF(TODAY()-L25>=21,"관리","")),IF(TODAY()-L25>=91,"장기미수",IF(TODAY()-L25>=31,"관리",""))))
B26: =IF(I25="잔금", B25+1, B25) -> 9 | C26: 컨설팅현장 | D26: 여름건설㈜ | E26: 광덕파크빌 | F26: 39060000 | G26: =F26-Z26 -> 28884000 | H26: =G26*20% -> 5776800 | I26: 선금 | J26: 45999 | K26: 46149 | L26: 46156 | M26: =IF(L26<>"", L26+20, "") -> 46176 | P26: =IF(L26="", 0, (H26*1.1)-O26) -> 6354480 | Q26: =Q28 -> (예)2026-05-31 | S26: =IF(OR(L26="",P26=0),"",IF(I26="선금",IF(TODAY()-L26>=91,"장기미수",IF(TODAY()-L26>=21,"관리","")),IF(TODAY()-L26>=91,"장기미수",IF(TODAY()-L26>=31,"관리","")))) | X26: 김용재 | Y26: 12000 | Z26: =(632*12000)+(216*12000) -> 10176000 | AG26: =SUM(AB26:AF26) -> 0
B27: =IF(I26="잔금", B26+1, B26) -> 9 | C27: 컨설팅현장 | D27: =D26 -> 여름건설㈜ | E27: =E26 -> 광덕파크빌 | H27: =G26*40% -> 11553600 | I27: 중도금 | J27: =J26 -> 45999 | K27: =K26 -> 46149 | L27: 46160 | M27: =IF(L27<>"", L27+30, "") -> 46190 | P27: =IF(L27="", 0, (H27*1.1)-O27) -> 12708960 | Q27: =Q28 -> (예)2026-05-31 | S27: =IF(OR(L27="",P27=0),"",IF(I27="선금",IF(TODAY()-L27>=91,"장기미수",IF(TODAY()-L27>=21,"관리","")),IF(TODAY()-L27>=91,"장기미수",IF(TODAY()-L27>=31,"관리",""))))
B28: =IF(I27="잔금", B27+1, B27) -> 9 | C28: 컨설팅현장 | D28: =D27 -> 여름건설㈜ | E28: =E27 -> 광덕파크빌 | G28: =-AG26 -> 0 | H28: =(G26*40%)-AG26 -> 11553600 | I28: 잔금 | J28: =J27 -> 45999 | K28: =K26 -> 46149 | M28: =IF(L28<>"", L28+30, "") | P28: =IF(L28="", 0, (H28*1.1)-O28) -> 0 | Q28: (예)2026-05-31 | S28: =IF(OR(L28="",P28=0),"",IF(I28="선금",IF(TODAY()-L28>=91,"장기미수",IF(TODAY()-L28>=21,"관리","")),IF(TODAY()-L28>=91,"장기미수",IF(TODAY()-L28>=31,"관리",""))))
B29: =IF(I28="잔금", B28+1, B28) -> 10 | C29: 컨설팅현장 | D29: (주)기림이앤씨 | E29: 해누리선경 | F29: 202900000 | G29: =F29-AK29 -> 202900000 | H29: =G29*20% -> 40580000 | I29: 선금 | J29: 45999 | K29: 미정 | M29: =IF(L29<>"", L29+20, "") | P29: =IF(L29="", 0, (H29*1.1)-O29) -> 0 | Q29: =Q31 -> 미정 | S29: =IF(OR(L29="",P29=0),"",IF(I29="선금",IF(TODAY()-L29>=91,"장기미수",IF(TODAY()-L29>=21,"관리","")),IF(TODAY()-L29>=91,"장기미수",IF(TODAY()-L29>=31,"관리","")))) | Z29: 63670000 | AG29: =SUM(AB29:AF29) -> 0
B30: =IF(I29="잔금", B29+1, B29) -> 10 | C30: 컨설팅현장 | D30: =D29 -> (주)기림이앤씨 | E30: =E29 -> 해누리선경 | H30: =G29*40% -> 81160000 | I30: 중도금 | J30: =J29 -> 45999 | K30: =K29 -> 미정 | M30: =IF(L30<>"", L30+30, "") | P30: =IF(L30="", 0, (H30*1.1)-O30) -> 0 | Q30: =Q31 -> 미정 | S30: =IF(OR(L30="",P30=0),"",IF(I30="선금",IF(TODAY()-L30>=91,"장기미수",IF(TODAY()-L30>=21,"관리","")),IF(TODAY()-L30>=91,"장기미수",IF(TODAY()-L30>=31,"관리",""))))
B31: =IF(I30="잔금", B30+1, B30) -> 10 | C31: 컨설팅현장 | D31: =D30 -> (주)기림이앤씨 | E31: =E30 -> 해누리선경 | G31: =-AG29 -> 0 | H31: =(G29*40%)-AG29 -> 81160000 | I31: 잔금 | J31: =J30 -> 45999 | K31: =K30 -> 미정 | M31: =IF(L31<>"", L31+30, "") | P31: =IF(L31="", 0, (H31*1.1)-O31) -> 0 | Q31: 미정 | S31: =IF(OR(L31="",P31=0),"",IF(I31="선금",IF(TODAY()-L31>=91,"장기미수",IF(TODAY()-L31>=21,"관리","")),IF(TODAY()-L31>=91,"장기미수",IF(TODAY()-L31>=31,"관리",""))))
B32: =IF(I31="잔금", B31+1, B31) -> 11 | C32: 컨설팅현장 | D32: (주)기림이앤씨 | E32: 지웰시티푸르지오1단지오피스텔 | F32: 122600000 | G32: =F32-Z32 -> 86060000 | H32: =G32*20% -> 17212000 | I32: 선금 | J32: 45999 | K32: 46141 | L32: 46153 | M32: =IF(L32<>"", L32+20, "") -> 46173 | N32: 46157 | O32: =H32*1.1 -> 18933200 | P32: =IF(L32="", 0, (H32*1.1)-O32) -> 0 | Q32: =Q34 -> (예)2026-05-31 | S32: =IF(OR(L32="",P32=0),"",IF(I32="선금",IF(TODAY()-L32>=91,"장기미수",IF(TODAY()-L32>=21,"관리","")),IF(TODAY()-L32>=91,"장기미수",IF(TODAY()-L32>=31,"관리","")))) | X32: 김원규 | Y32: 14000 | Z32: =2610*14000 -> 36540000 | AG32: =SUM(AB32:AF32) -> 0
B33: =IF(I32="잔금", B32+1, B32) -> 11 | C33: 컨설팅현장 | D33: =D32 -> (주)기림이앤씨 | E33: =E32 -> 지웰시티푸르지오1단지오피스텔 | H33: =G32*40% -> 34424000 | I33: 중도금 | J33: =J32 -> 45999 | K33: =K32 -> 46141 | L33: 46157 | M33: =IF(L33<>"", L33+30, "") -> 46187 | P33: =IF(L33="", 0, (H33*1.1)-O33) -> 37866400 | Q33: =Q34 -> (예)2026-05-31 | S33: =IF(OR(L33="",P33=0),"",IF(I33="선금",IF(TODAY()-L33>=91,"장기미수",IF(TODAY()-L33>=21,"관리","")),IF(TODAY()-L33>=91,"장기미수",IF(TODAY()-L33>=31,"관리",""))))
B34: =IF(I33="잔금", B33+1, B33) -> 11 | C34: 컨설팅현장 | D34: =D33 -> (주)기림이앤씨 | E34: =E33 -> 지웰시티푸르지오1단지오피스텔 | G34: =-AG32 -> 0 | H34: =(G32*40%)-AG32 -> 34424000 | I34: 잔금 | J34: =J33 -> 45999 | K34: =K33 -> 46141 | M34: =IF(L34<>"", L34+30, "") | P34: =IF(L34="", 0, (H34*1.1)-O34) -> 0 | Q34: (예)2026-05-31 | S34: =IF(OR(L34="",P34=0),"",IF(I34="선금",IF(TODAY()-L34>=91,"장기미수",IF(TODAY()-L34>=21,"관리","")),IF(TODAY()-L34>=91,"장기미수",IF(TODAY()-L34>=31,"관리",""))))
B35: =IF(I34="잔금", B34+1, B34) -> 12 | C35: 컨설팅현장 | D35: 건진개발㈜ | E35: 덕천동롯데 | F35: 105000000 | G35: =F35-Z35 -> 61800000 | H35: 12360000 | I35: 선금 | J35: 45999 | K35: 46085 | L35: 46085 | M35: =IF(L35<>"", L35+20, "") -> 46105 | N35: 46086 | O35: =H35*1.1 -> 13596000 | P35: =IF(L35="", 0, (H35*1.1)-O35) -> 0 | Q35: =Q37 -> 46148 | S35: =IF(OR(L35="",P35=0),"",IF(I35="선금",IF(TODAY()-L35>=91,"장기미수",IF(TODAY()-L35>=21,"관리","")),IF(TODAY()-L35>=91,"장기미수",IF(TODAY()-L35>=31,"관리","")))) | X35: 박성은 | Y35: 15000 | Z35: =2880*15000 -> 43200000 | AB35: 5880000 | AE35: 800000 | AG35: =SUM(AB35:AF35) -> 6680000
B36: =IF(I35="잔금", B35+1, B35) -> 12 | C36: 컨설팅현장 | D36: =D35 -> 건진개발㈜ | E36: =E35 -> 덕천동롯데 | H36: 24720000 | I36: 중도금 | J36: =J35 -> 45999 | K36: =K35 -> 46085 | L36: 46139 | M36: =IF(L36<>"", L36+30, "") -> 46169 | N36: 46148 | O36: =H36*1.1 -> 27192000 | P36: =IF(L36="", 0, (H36*1.1)-O36) -> 0 | Q36: =Q37 -> 46148 | S36: =IF(OR(L36="",P36=0),"",IF(I36="선금",IF(TODAY()-L36>=91,"장기미수",IF(TODAY()-L36>=21,"관리","")),IF(TODAY()-L36>=91,"장기미수",IF(TODAY()-L36>=31,"관리",""))))
B37: =IF(I36="잔금", B36+1, B36) -> 12 | C37: 컨설팅현장 | D37: =D36 -> 건진개발㈜ | E37: =E36 -> 덕천동롯데 | G37: =-AG35 -> -6680000 | H37: =(G35*40%)-AG35 -> 18040000 | I37: 잔금 | J37: =J36 -> 45999 | K37: =K36 -> 46085 | L37: 46161 | M37: =IF(L37<>"", L37+30, "") -> 46191 | N37: 46168 | O37: =H37*1.1 -> 19844000 | P37: =IF(L37="", 0, (H37*1.1)-O37) -> 0 | Q37: 46148 | S37: =IF(OR(L37="",P37=0),"",IF(I37="선금",IF(TODAY()-L37>=91,"장기미수",IF(TODAY()-L37>=21,"관리","")),IF(TODAY()-L37>=91,"장기미수",IF(TODAY()-L37>=31,"관리",""))))
B38: =IF(I37="잔금", B37+1, B37) -> 13 | C38: 컨설팅현장 | D38: (주)석민이앤씨 | E38: 동탄역시범한화꿈에그린프레스티지 | F38: 92100000 | G38: =F38-Z38 -> 68470000 | H38: =G38*20% -> 13694000 | I38: 선금 | J38: 45999 | K38: 46091 | L38: 46091 | M38: =IF(L38<>"", L38+20, "") -> 46111 | N38: 46094 | O38: =H38*1.1 -> 15063400 | P38: =IF(L38="", 0, (H38*1.1)-O38) -> 0 | Q38: =Q40 -> 46110 | S38: =IF(OR(L38="",P38=0),"",IF(I38="선금",IF(TODAY()-L38>=91,"장기미수",IF(TODAY()-L38>=21,"관리","")),IF(TODAY()-L38>=91,"장기미수",IF(TODAY()-L38>=31,"관리","")))) | T38: 39731750 | U38: =G38-T38-AG38 -> -26750 | V38: =U38/F38 -> -0.00029044517 | X38: 조병철/조재부 | Y38: 10000 | Z38: =2363*Y38 -> 23630000 | AB38: 28065000 | AE38: 700000 | AG38: =SUM(AB38:AF38) -> 28765000
B39: =IF(I38="잔금", B38+1, B38) -> 13 | C39: 컨설팅현장 | D39: =D38 -> (주)석민이앤씨 | E39: =E38 -> 동탄역시범한화꿈에그린프레스티지 | I39: 중도금 | J39: 45999 | K39: =K38 -> 46091 | M39: =IF(L39<>"", L39+30, "") | P39: =IF(L39="", 0, (H39*1.1)-O39) -> 0 | Q39: =Q40 -> 46110 | S39: =IF(OR(L39="",P39=0),"",IF(I39="선금",IF(TODAY()-L39>=91,"장기미수",IF(TODAY()-L39>=21,"관리","")),IF(TODAY()-L39>=91,"장기미수",IF(TODAY()-L39>=31,"관리",""))))
B40: =IF(I39="잔금", B39+1, B39) -> 13 | C40: 컨설팅현장 | D40: =D39 -> (주)석민이앤씨 | E40: =E39 -> 동탄역시범한화꿈에그린프레스티지 | G40: =-AG38 -> -28765000 | H40: =(G38*80%)-AG38 -> 26011000 | I40: 잔금 | J40: 45999 | K40: =K39 -> 46091 | L40: 46118 | M40: =IF(L40<>"", L40+30, "") -> 46148 | N40: 46171 | O40: =H40*1.1 -> 28612100 | P40: =IF(L40="", 0, (H40*1.1)-O40) -> 0 | Q40: 46110 | R40: =N40-Q40 -> 61 | S40: =IF(OR(L40="",P40=0),"",IF(I40="선금",IF(TODAY()-L40>=91,"장기미수",IF(TODAY()-L40>=21,"관리","")),IF(TODAY()-L40>=91,"장기미수",IF(TODAY()-L40>=31,"관리",""))))
B41: =IF(I40="잔금", B40+1, B40) -> 14 | C41: 컨설팅현장 | D41: 색채산업개발㈜ | E41: 토당금강KCC | F41: 98000000 | G41: =F41-Z41-Z42 -> 55857000 | H41: =G41*20% -> 11171400 | I41: 선금 | J41: 46009 | K41: 46085 | L41: 46085 | M41: =IF(L41<>"", L41+20, "") -> 46105 | N41: 46098 | O41: =H41*1.1 -> 12288540 | P41: =IF(L41="", 0, (H41*1.1)-O41) -> 0 | Q41: =Q43 -> 46104 | S41: =IF(OR(L41="",P41=0),"",IF(I41="선금",IF(TODAY()-L41>=91,"장기미수",IF(TODAY()-L41>=21,"관리","")),IF(TODAY()-L41>=91,"장기미수",IF(TODAY()-L41>=31,"관리","")))) | T41: 34519400 | U41: =G41-T41-AG41 -> 21087600 | V41: =U41/F41 -> 0.21517959 | X41: 이상돈 | Y41: 17000 | Z41: =2479*Y41 -> 42143000 | AE41: 250000 | AG41: =SUM(AB41:AF41) -> 250000
B42: =IF(I41="잔금", B41+1, B41) -> 14 | C42: 컨설팅현장 | D42: =D41 -> 색채산업개발㈜ | E42: =E41 -> 토당금강KCC | H42: =G41*40% -> 22342800 | I42: 중도금 | J42: =J41 -> 46009 | K42: =K41 -> 46085 | L42: 46097 | M42: =IF(L42<>"", L42+30, "") -> 46127 | N42: 46118 | O42: =H42*1.1 -> 24577080 | P42: =IF(L42="", 0, (H42*1.1)-O42) -> 0 | Q42: =Q43 -> 46104 | S42: =IF(OR(L42="",P42=0),"",IF(I42="선금",IF(TODAY()-L42>=91,"장기미수",IF(TODAY()-L42>=21,"관리","")),IF(TODAY()-L42>=91,"장기미수",IF(TODAY()-L42>=31,"관리",""))))
B43: =IF(I42="잔금", B42+1, B42) -> 14 | C43: 컨설팅현장 | D43: =D42 -> 색채산업개발㈜ | E43: =E42 -> 토당금강KCC | G43: =-AG41 -> -250000 | H43: =(G41*40%)-AG41 -> 22092800 | I43: 잔금 | J43: =J42 -> 46009 | K43: =K42 -> 46085 | L43: 46113 | M43: =IF(L43<>"", L43+30, "") -> 46143 | N43: 46136 | O43: =H43*1.1 -> 24302080 | P43: =IF(L43="", 0, (H43*1.1)-O43) -> 0 | Q43: 46104 | R43: =N43-Q43 -> 32 | S43: =IF(OR(L43="",P43=0),"",IF(I43="선금",IF(TODAY()-L43>=91,"장기미수",IF(TODAY()-L43>=21,"관리","")),IF(TODAY()-L43>=91,"장기미수",IF(TODAY()-L43>=31,"관리",""))))
B44: =IF(I43="잔금", B43+1, B43) -> 15 | C44: 컨설팅현장 | D44: 주식회사 대신하우징 | E44: 영산대학교 | F44: 69200000 | G44: =F44-Z44-Z45 -> 48860000 | H44: 9772000 | I44: 선금 | J44: 46078 | K44: 46079 | L44: 46085 | M44: =IF(L44<>"", L44+20, "") -> 46105 | N44: 46085 | O44: =H44*1.1 -> 10749200 | P44: =IF(L44="", 0, (H44*1.1)-O44) -> 0 | Q44: =Q46 -> 46090 | S44: =IF(OR(L44="",P44=0),"",IF(I44="선금",IF(TODAY()-L44>=91,"장기미수",IF(TODAY()-L44>=21,"관리","")),IF(TODAY()-L44>=91,"장기미수",IF(TODAY()-L44>=31,"관리","")))) | T44: =19631100+10828900 -> 30460000 | U44: =G44-T44-AG44 -> 11174000 | V44: =U44/F44 -> 0.16147399 | X44: 정상혁 | Y44: 12000 | Z44: =1123*Y44 -> 13476000 | AB44: 5426000 | AD44: 1400000 | AE44: =150000+250000 -> 400000 | AG44: =SUM(AB44:AF44) -> 7226000
B45: =IF(I44="잔금", B44+1, B44) -> 15 | C45: 컨설팅현장 | D45: =D44 -> 주식회사 대신하우징 | E45: =E44 -> 영산대학교 | H45: 19544000 | I45: 중도금 | J45: =J44 -> 46078 | K45: =K44 -> 46079 | L45: 46086 | M45: =IF(L45<>"", L45+30, "") -> 46116 | N45: 46090 | O45: =H45*1.1 -> 21498400 | P45: =IF(L45="", 0, (H45*1.1)-O45) -> 0 | Q45: =Q46 -> 46090 | S45: =IF(OR(L45="",P45=0),"",IF(I45="선금",IF(TODAY()-L45>=91,"장기미수",IF(TODAY()-L45>=21,"관리","")),IF(TODAY()-L45>=91,"장기미수",IF(TODAY()-L45>=31,"관리","")))) | X45: 이주일 | Y45: 13000 | Z45: =528*Y45 -> 6864000
B46: =IF(I45="잔금", B45+1, B45) -> 15 | C46: 컨설팅현장 | D46: =D45 -> 주식회사 대신하우징 | E46: =E45 -> 영산대학교 | G46: =-AG44 -> -7226000 | H46: =G44-H44-H45-AG44 -> 12318000 | I46: 잔금 | J46: =J45 -> 46078 | K46: =K45 -> 46079 | L46: 46153 | M46: =IF(L46<>"", L46+30, "") -> 46183 | P46: =IF(L46="", 0, (H46*1.1)-O46) -> 13549800 | Q46: 46090 | S46: =IF(OR(L46="",P46=0),"",IF(I46="선금",IF(TODAY()-L46>=91,"장기미수",IF(TODAY()-L46>=21,"관리","")),IF(TODAY()-L46>=91,"장기미수",IF(TODAY()-L46>=31,"관리",""))))
B47: =IF(I46="잔금", B46+1, B46) -> 16 | C47: 컨설팅현장 | D47: 새로이건설㈜ | E47: E편한세상한강신도시2차 아파트 | F47: 174000000 | G47: =F47-Z47-Z48 -> 104322000 | H47: 30186600 | I47: 선금 | J47: 46080 | K47: 46085 | L47: 46086 | M47: =IF(L47<>"", L47+20, "") -> 46106 | N47: 46122 | O47: =H47*1.1 -> 33205260 | P47: =IF(L47="", 0, (H47*1.1)-O47) -> 0 | Q47: =Q49 -> 46132 | S47: =IF(OR(L47="",P47=0),"",IF(I47="선금",IF(TODAY()-L47>=91,"장기미수",IF(TODAY()-L47>=21,"관리","")),IF(TODAY()-L47>=91,"장기미수",IF(TODAY()-L47>=31,"관리","")))) | T47: 95607000 | U47: =G47-T47-AG47 -> 888000 | V47: =U47/F47 -> 0.0051034483 | X47: 정오연 | Y47: 14000 | Z47: =4977*Y47 -> 69678000 | AB47: =76905000-Z47 -> 7227000 | AE47: 600000 | AG47: =SUM(AB47:AF47) -> 7827000
B48: =IF(I47="잔금", B47+1, B47) -> 16 | C48: 컨설팅현장 | D48: =D47 -> 새로이건설㈜ | E48: =E47 -> E편한세상한강신도시2차 아파트 | H48: 30186600 | I48: 중도금 | J48: =J47 -> 46080 | K48: =K47 -> 46085 | L48: 46106 | M48: =IF(L48<>"", L48+30, "") -> 46136 | P48: =IF(L48="", 0, (H48*1.1)-O48) -> 33205260 | Q48: =Q49 -> 46132 | S48: =IF(OR(L48="",P48=0),"",IF(I48="선금",IF(TODAY()-L48>=91,"장기미수",IF(TODAY()-L48>=21,"관리","")),IF(TODAY()-L48>=91,"장기미수",IF(TODAY()-L48>=31,"관리","")))) -> 관리 | Z48: =528*Y48 -> 0
B49: =IF(I48="잔금", B48+1, B48) -> 16 | C49: 컨설팅현장 | D49: =D48 -> 새로이건설㈜ | E49: =E48 -> E편한세상한강신도시2차 아파트 | G49: =-AG47 -> -7827000 | H49: =(G47-H47-H48)-AG47 -> 36121800 | I49: 잔금 | J49: =J48 -> 46080 | K49: =K48 -> 46085 | L49: 46170 | M49: =IF(L49<>"", L49+30, "") -> 46200 | P49: =IF(L49="", 0, (H49*1.1)-O49) -> 39733980 | Q49: 46132 | S49: =IF(OR(L49="",P49=0),"",IF(I49="선금",IF(TODAY()-L49>=91,"장기미수",IF(TODAY()-L49>=21,"관리","")),IF(TODAY()-L49>=91,"장기미수",IF(TODAY()-L49>=31,"관리",""))))
B50: =IF(I49="잔금", B49+1, B49) -> 17 | C50: 컨설팅현장 | D50: (주)모아씨앤에스 | E50: 성균관대역서희스타힐스 1,2단지아파트 | F50: 50900000 | G50: =F50-Z50-Z51 -> 26792000 | H50: =G50*20% -> 5358400 | I50: 선금 | J50: 46084 | K50: 46086 | L50: 46087 | M50: =IF(L50<>"", L50+20, "") -> 46107 | N50: 46113 | O50: =H50*1.1 -> 5894240 | P50: =IF(L50="", 0, (H50*1.1)-O50) -> 0 | Q50: =Q52 -> 46105 | S50: =IF(OR(L50="",P50=0),"",IF(I50="선금",IF(TODAY()-L50>=91,"장기미수",IF(TODAY()-L50>=21,"관리","")),IF(TODAY()-L50>=91,"장기미수",IF(TODAY()-L50>=31,"관리","")))) | T50: 27175100 | U50: =G50-T50-AG50 -> -783100 | V50: =U50/F50 -> -0.015385069 | X50: 김원규 | Y50: 14000 | Z50: =1722*Y50 -> 24108000 | AE50: 400000 | AG50: =SUM(AB50:AF50) -> 400000
B51: =IF(I50="잔금", B50+1, B50) -> 17 | C51: 컨설팅현장 | D51: =D50 -> (주)모아씨앤에스 | E51: =E50 -> 성균관대역서희스타힐스 1,2단지아파트 | H51: =G50*40% -> 10716800 | I51: 중도금 | J51: =J50 -> 46084 | K51: =K50 -> 46086 | L51: 46101 | M51: =IF(L51<>"", L51+30, "") -> 46131 | N51: 46113 | O51: =H51*1.1 -> 11788480 | P51: =IF(L51="", 0, (H51*1.1)-O51) -> 0 | Q51: =Q52 -> 46105 | S51: =IF(OR(L51="",P51=0),"",IF(I51="선금",IF(TODAY()-L51>=91,"장기미수",IF(TODAY()-L51>=21,"관리","")),IF(TODAY()-L51>=91,"장기미수",IF(TODAY()-L51>=31,"관리","")))) | Z51: =528*Y51 -> 0
B52: =IF(I51="잔금", B51+1, B51) -> 17 | C52: 컨설팅현장 | D52: =D51 -> (주)모아씨앤에스 | E52: =E51 -> 성균관대역서희스타힐스 1,2단지아파트 | G52: =-AG50 -> -400000 | H52: =(G50*40%)-AG50 -> 10316800 | I52: 잔금 | J52: =J51 -> 46084 | K52: =K51 -> 46086 | L52: 46118 | M52: =IF(L52<>"", L52+30, "") -> 46148 | N52: 46156 | O52: =H52*1.1 -> 11348480 | P52: =IF(L52="", 0, (H52*1.1)-O52) -> 0 | Q52: 46105 | R52: =N52-Q52 -> 51 | S52: =IF(OR(L52="",P52=0),"",IF(I52="선금",IF(TODAY()-L52>=91,"장기미수",IF(TODAY()-L52>=21,"관리","")),IF(TODAY()-L52>=91,"장기미수",IF(TODAY()-L52>=31,"관리",""))))
B53: =IF(I52="잔금", B52+1, B52) -> 18 | C53: 컨설팅현장 | D53: 주식회사 유광씨앤씨 | E53: 성원아파트2단지 | F53: 226100000 | G53: =F53-Z53-Z54 -> 145352000 | H53: 29070400 | I53: 선금 | J53: 46087 | K53: 46091 | L53: 46090 | M53: =IF(L53<>"", L53+20, "") -> 46110 | N53: 46094 | O53: =H53*1.1 -> 31977440 | P53: =IF(L53="", 0, (H53*1.1)-O53) -> 0 | Q53: =Q55 -> 46141 | S53: =IF(OR(L53="",P53=0),"",IF(I53="선금",IF(TODAY()-L53>=91,"장기미수",IF(TODAY()-L53>=21,"관리","")),IF(TODAY()-L53>=91,"장기미수",IF(TODAY()-L53>=31,"관리","")))) | T53: 125728100 | U53: =G53-T53-AG53 -> 15813900 | V53: =U53/F53 -> 0.069942061 | X53: 정상혁 | Y53: 12000 | Z53: =6729*Y53 -> 80748000 | AB53: 2760000 | AE53: =450000+600000 -> 1050000 | AG53: =SUM(AB53:AF53) -> 3810000
B54: =IF(I53="잔금", B53+1, B53) -> 18 | C54: 컨설팅현장 | D54: =D53 -> 주식회사 유광씨앤씨 | E54: =E53 -> 성원아파트2단지 | H54: 72676000 | I54: 중도금 | J54: =J53 -> 46087 | K54: =K53 -> 46091 | L54: 46122 | M54: =IF(L54<>"", L54+30, "") -> 46152 | N54: 46127 | O54: =H54*1.1 -> 79943600 | P54: =IF(L54="", 0, (H54*1.1)-O54) -> 0 | Q54: =Q55 -> 46141 | S54: =IF(OR(L54="",P54=0),"",IF(I54="선금",IF(TODAY()-L54>=91,"장기미수",IF(TODAY()-L54>=21,"관리","")),IF(TODAY()-L54>=91,"장기미수",IF(TODAY()-L54>=31,"관리","")))) | Z54: =528*Y54 -> 0
B55: =IF(I54="잔금", B54+1, B54) -> 18 | C55: 컨설팅현장 | D55: =D54 -> 주식회사 유광씨앤씨 | E55: =E54 -> 성원아파트2단지 | G55: =-AG53 -> -3810000 | H55: =(G53-H53-H54)-AG53 -> 39795600 | I55: 잔금 | J55: =J54 -> 46087 | K55: =K54 -> 46091 | L55: 46154 | M55: =IF(L55<>"", L55+30, "") -> 46184 | P55: =IF(L55="", 0, (H55*1.1)-O55) -> 43775160 | Q55: 46141 | S55: =IF(OR(L55="",P55=0),"",IF(I55="선금",IF(TODAY()-L55>=91,"장기미수",IF(TODAY()-L55>=21,"관리","")),IF(TODAY()-L55>=91,"장기미수",IF(TODAY()-L55>=31,"관리",""))))
B56: =IF(I55="잔금", B55+1, B55) -> 19 | C56: 컨설팅현장 | D56: 이루미건설㈜ | E56: 갈매스타힐스아파트 | F56: 261900000 | G56: =F56-Z56-Z57 -> 187820000 | H56: 59166000 | I56: 선금 | J56: 46090 | K56: 46091 | L56: 46091 | M56: =IF(L56<>"", L56+20, "") -> 46111 | N56: 46094 | O56: =H56*1.1 -> 65082600 | P56: =IF(L56="", 0, (H56*1.1)-O56) -> 0 | Q56: =Q58 -> 46136 | S56: =IF(OR(L56="",P56=0),"",IF(I56="선금",IF(TODAY()-L56>=91,"장기미수",IF(TODAY()-L56>=21,"관리","")),IF(TODAY()-L56>=91,"장기미수",IF(TODAY()-L56>=31,"관리","")))) | T56: 114475700 | U56: =G56-T56-AG56 -> 53486300 | V56: =U56/F56 -> 0.20422413 | X56: 이준경 | Y56: 10000 | Z56: =7408*Y56 -> 74080000 | AB56: 19858000 | AG56: =SUM(AB56:AF56) -> 19858000
B57: =IF(I56="잔금", B56+1, B56) -> 19 | C57: 컨설팅현장 | D57: =D56 -> 이루미건설㈜ | E57: =E56 -> 갈매스타힐스아파트 | H57: 39444000 | I57: 중도금1차 | J57: =J56 -> 46090 | K57: =K56 -> 46091 | L57: 46115 | M57: =IF(L57<>"", L57+30, "") -> 46145 | N57: 46127 | O57: =H57*1.1 -> 43388400 | P57: =IF(L57="", 0, (H57*1.1)-O57) -> 0 | Q57: =Q58 -> 46136 | S57: =IF(OR(L57="",P57=0),"",IF(I57="선금",IF(TODAY()-L57>=91,"장기미수",IF(TODAY()-L57>=21,"관리","")),IF(TODAY()-L57>=91,"장기미수",IF(TODAY()-L57>=31,"관리","")))) | Z57: =528*Y57 -> 0
B58: =IF(I57="잔금", B57+1, B57) -> 19 | C58: 컨설팅현장 | D58: =D57 -> 이루미건설㈜ | E58: =E57 -> 갈매스타힐스아파트 | H58: 59166000 | I58: 중도금2차 | J58: =J57 -> 46090 | K58: =K57 -> 46091 | L58: 46125 | M58: =IF(L58<>"", L58+30, "") -> 46155 | P58: =IF(L58="", 0, (H58*1.1)-O58) -> 65082600 | Q58: =Q59 -> 46136 | S58: =IF(OR(L58="",P58=0),"",IF(I58="선금",IF(TODAY()-L58>=91,"장기미수",IF(TODAY()-L58>=21,"관리","")),IF(TODAY()-L58>=91,"장기미수",IF(TODAY()-L58>=31,"관리","")))) -> 관리
B59: =IF(I58="잔금", B58+1, B58) -> 19 | C59: 컨설팅현장 | D59: =D57 -> 이루미건설㈜ | E59: =E57 -> 갈매스타힐스아파트 | G59: =-AG56 -> -19858000 | H59: =G56-H56-H57-H58-AG56 -> 10186000 | I59: 잔금 | J59: =J57 -> 46090 | K59: =K58 -> 46091 | L59: 46155 | M59: =IF(L59<>"", L59+30, "") -> 46185 | P59: =IF(L59="", 0, (H59*1.1)-O59) -> 11204600 | Q59: 46136 | S59: =IF(OR(L59="",P59=0),"",IF(I59="선금",IF(TODAY()-L59>=91,"장기미수",IF(TODAY()-L59>=21,"관리","")),IF(TODAY()-L59>=91,"장기미수",IF(TODAY()-L59>=31,"관리",""))))
B60: =IF(I59="잔금", B59+1, B59) -> 20 | C60: 컨설팅현장 | D60: (주)국제특수건설 | E60: 고척파크푸르지오 | F60: 129800000 | G60: =F60-Z60-Z61 -> 95103000 | H60: 28530900 | I60: 선금 | J60: 46094 | K60: 46098 | L60: 46099 | M60: =IF(L60<>"", L60+20, "") -> 46119 | N60: 46115 | O60: =H60*1.1 -> 31383990 | P60: =IF(L60="", 0, (H60*1.1)-O60) -> 0 | Q60: =Q62 -> (예)2026-05-31 | S60: =IF(OR(L60="",P60=0),"",IF(I60="선금",IF(TODAY()-L60>=91,"장기미수",IF(TODAY()-L60>=21,"관리","")),IF(TODAY()-L60>=91,"장기미수",IF(TODAY()-L60>=31,"관리","")))) | X60: 백우현 | Y60: 13000 | Z60: =Y60*(2415+254) -> 34697000 | AB60: 12835000 | AG60: =SUM(AB60:AF60) -> 12835000
B61: =IF(I60="잔금", B60+1, B60) -> 20 | C61: 컨설팅현장 | D61: =D60 -> (주)국제특수건설 | E61: =E60 -> 고척파크푸르지오 | H61: 38041200 | I61: 중도금 | J61: =J60 -> 46094 | K61: =K60 -> 46098 | L61: 46149 | P61: =IF(L61="", 0, (H61*1.1)-O61) -> 41845320 | Q61: =Q62 -> (예)2026-05-31 | S61: =IF(OR(L61="",P61=0),"",IF(I61="선금",IF(TODAY()-L61>=91,"장기미수",IF(TODAY()-L61>=21,"관리","")),IF(TODAY()-L61>=91,"장기미수",IF(TODAY()-L61>=31,"관리","")))) | Z61: =528*Y61 -> 0
B62: =IF(I61="잔금", B61+1, B61) -> 20 | C62: 컨설팅현장 | D62: =D61 -> (주)국제특수건설 | E62: =E61 -> 고척파크푸르지오 | G62: =-AG60 -> -12835000 | H62: =(G60*30%)-AG60 -> 15695900 | I62: 잔금 | J62: =J61 -> 46094 | K62: =K61 -> 46098 | M62: =IF(L62<>"", L62+30, "") | P62: =IF(L62="", 0, (H62*1.1)-O62) -> 0 | Q62: (예)2026-05-31 | S62: =IF(OR(L62="",P62=0),"",IF(I62="선금",IF(TODAY()-L62>=91,"장기미수",IF(TODAY()-L62>=21,"관리","")),IF(TODAY()-L62>=91,"장기미수",IF(TODAY()-L62>=31,"관리",""))))
B63: =IF(I62="잔금", B62+1, B62) -> 21 | C63: 컨설팅현장 | D63: 동현이앤씨㈜ | E63: 코오롱아파트 | F63: 179600000 | G63: =F63-Z63-Z64 -> 131848000 | H63: 26089600 | I63: 선금 | J63: 46094 | K63: 46098 | L63: 46099 | M63: =IF(L63<>"", L63+20, "") -> 46119 | N63: 46099 | O63: =H63*1.1 -> 28698560 | P63: =IF(L63="", 0, (H63*1.1)-O63) -> 0 | Q63: =Q65 -> 46146 | S63: =IF(OR(L63="",P63=0),"",IF(I63="선금",IF(TODAY()-L63>=91,"장기미수",IF(TODAY()-L63>=21,"관리","")),IF(TODAY()-L63>=91,"장기미수",IF(TODAY()-L63>=31,"관리","")))) | X63: 이용학 | Y63: 10,000/9,000 | Z63: =(10000*4183)+(9000*658) -> 47752000 | AB63: 24272000 | AE63: 400000 | AG63: =SUM(AB63:AF63) -> 24672000
B64: =IF(I63="잔금", B63+1, B63) -> 21 | C64: 컨설팅현장 | D64: =D63 -> 동현이앤씨㈜ | E64: =E63 -> 코오롱아파트 | H64: 65224000 | I64: 중도금 | J64: =J63 -> 46094 | K64: =K63 -> 46098 | L64: 46129 | M64: =IF(L64<>"", L64+30, "") -> 46159 | N64: 46140 | O64: =H64*1.1 -> 71746400 | P64: =IF(L64="", 0, (H64*1.1)-O64) -> 0 | Q64: =Q65 -> 46146 | S64: =IF(OR(L64="",P64=0),"",IF(I64="선금",IF(TODAY()-L64>=91,"장기미수",IF(TODAY()-L64>=21,"관리","")),IF(TODAY()-L64>=91,"장기미수",IF(TODAY()-L64>=31,"관리","")))) | Z64: =528*Y64 -> 0
B65: =IF(I64="잔금", B64+1, B64) -> 21 | C65: 컨설팅현장 | D65: =D64 -> 동현이앤씨㈜ | E65: =E64 -> 코오롱아파트 | G65: =-AG63 -> -24672000 | H65: =(G63-H63-H64)-AG63 -> 15862400 | I65: 잔금 | J65: =J64 -> 46094 | K65: =K64 -> 46098 | L65: 46156 | M65: =IF(L65<>"", L65+30, "") -> 46186 | P65: =IF(L65="", 0, (H65*1.1)-O65) -> 17448640 | Q65: 46146 | S65: =IF(OR(L65="",P65=0),"",IF(I65="선금",IF(TODAY()-L65>=91,"장기미수",IF(TODAY()-L65>=21,"관리","")),IF(TODAY()-L65>=91,"장기미수",IF(TODAY()-L65>=31,"관리",""))))
B66: =IF(I65="잔금", B65+1, B65) -> 22 | C66: 컨설팅현장 | D66: 주식회사 수지씨앤에스 | E66: 수림1차아파트 | F66: 142600000 | G66: =F66-Z66-Z67 -> 92497000 | H66: 27749100 | I66: 선금 | J66: 46094 | K66: 46098 | L66: 46099 | M66: =IF(L66<>"", L66+20, "") -> 46119 | N66: 46115 | O66: =H66*1.1 -> 30524010 | P66: =IF(L66="", 0, (H66*1.1)-O66) -> 0 | Q66: =Q68 -> 46128 | S66: =IF(OR(L66="",P66=0),"",IF(I66="선금",IF(TODAY()-L66>=91,"장기미수",IF(TODAY()-L66>=21,"관리","")),IF(TODAY()-L66>=91,"장기미수",IF(TODAY()-L66>=31,"관리","")))) | T66: 50515700 | U66: =G66-T66-AG66 -> 34789300 | V66: =U66/F66 -> 0.24396424 | X66: 김대현 | Y66: 13,000/10,000 | Z66: =(13000*2871)+(10000*1278) -> 50103000 | AB66: 6492000 | AE66: 700000 | AG66: =SUM(AB66:AF66) -> 7192000
B67: =IF(I66="잔금", B66+1, B66) -> 22 | C67: 컨설팅현장 | D67: =D66 -> 주식회사 수지씨앤에스 | E67: =E66 -> 수림1차아파트 | H67: 36998800 | I67: 중도금 | J67: =J66 -> 46094 | K67: =K66 -> 46098 | L67: 46115 | M67: =IF(L67<>"", L67+30, "") -> 46145 | N67: 46142 | O67: =H67*1.1 -> 40698680 | P67: =IF(L67="", 0, (H67*1.1)-O67) -> 0 | Q67: =Q68 -> 46128 | S67: =IF(OR(L67="",P67=0),"",IF(I67="선금",IF(TODAY()-L67>=91,"장기미수",IF(TODAY()-L67>=21,"관리","")),IF(TODAY()-L67>=91,"장기미수",IF(TODAY()-L67>=31,"관리","")))) | Z67: =528*Y67 -> 0
B68: =IF(I67="잔금", B67+1, B67) -> 22 | C68: 컨설팅현장 | D68: =D67 -> 주식회사 수지씨앤에스 | E68: =E67 -> 수림1차아파트 | G68: =-AG66 -> -7192000 | H68: =(G66*30%)-AG66 -> 20557100 | I68: 잔금 | J68: =J67 -> 46094 | K68: =K67 -> 46098 | L68: 46157 | M68: =IF(L68<>"", L68+30, "") -> 46187 | P68: =IF(L68="", 0, (H68*1.1)-O68) -> 22612810 | Q68: 46128 | S68: =IF(OR(L68="",P68=0),"",IF(I68="선금",IF(TODAY()-L68>=91,"장기미수",IF(TODAY()-L68>=21,"관리","")),IF(TODAY()-L68>=91,"장기미수",IF(TODAY()-L68>=31,"관리",""))))
B69: =IF(I68="잔금", B68+1, B68) -> 23 | C69: 컨설팅현장 | D69: 주식회사 위즈페인팅 | E69: 크로바아파트 | F69: 72200000 | G69: =F69-Z69-Z70 -> 46148000 | H69: 9029600 | I69: 선금 | J69: 46097 | K69: 46100 | L69: 46101 | M69: =IF(L69<>"", L69+20, "") -> 46121 | N69: 46114 | O69: =H69*1.1 -> 9932560 | P69: =IF(L69="", 0, (H69*1.1)-O69) -> 0 | Q69: =Q71 -> 46119 | S69: =IF(OR(L69="",P69=0),"",IF(I69="선금",IF(TODAY()-L69>=91,"장기미수",IF(TODAY()-L69>=21,"관리","")),IF(TODAY()-L69>=91,"장기미수",IF(TODAY()-L69>=31,"관리","")))) | T69: 35023000 | U69: =G69-T69-AG69 -> 6321000 | V69: =U69/F69 -> 0.087548476 | X69: 권영수 | Y69: 13000 | Z69: =2004*13000 -> 26052000 | AB69: 4504000 | AE69: 300000 | AG69: =SUM(AB69:AF69) -> 4804000
B70: =IF(I69="잔금", B69+1, B69) -> 23 | C70: 컨설팅현장 | D70: =D69 -> 주식회사 위즈페인팅 | E70: =E69 -> 크로바아파트 | H70: 18059200 | I70: 중도금 | J70: =J69 -> 46097 | K70: =K69 -> 46100 | L70: 46115 | M70: =IF(L70<>"", L70+30, "") -> 46145 | P70: =IF(L70="", 0, (H70*1.1)-O70) -> 19865120 | Q70: =Q71 -> 46119 | S70: =IF(OR(L70="",P70=0),"",IF(I70="선금",IF(TODAY()-L70>=91,"장기미수",IF(TODAY()-L70>=21,"관리","")),IF(TODAY()-L70>=91,"장기미수",IF(TODAY()-L70>=31,"관리","")))) -> 관리 | Z70: =528*Y70 -> 0
B71: =IF(I70="잔금", B70+1, B70) -> 23 | C71: 컨설팅현장 | D71: =D70 -> 주식회사 위즈페인팅 | E71: =E70 -> 크로바아파트 | G71: =-AG69 -> -4804000 | H71: =G69-H69-H70-AG69 -> 14255200 | I71: 잔금 | J71: =J70 -> 46097 | K71: =K70 -> 46100 | L71: 46129 | M71: =IF(L71<>"", L71+30, "") -> 46159 | P71: =IF(L71="", 0, (H71*1.1)-O71) -> 15680720 | Q71: 46119 | S71: =IF(OR(L71="",P71=0),"",IF(I71="선금",IF(TODAY()-L71>=91,"장기미수",IF(TODAY()-L71>=21,"관리","")),IF(TODAY()-L71>=91,"장기미수",IF(TODAY()-L71>=31,"관리","")))) -> 관리
B72: =IF(I71="잔금", B71+1, B71) -> 24 | C72: 컨설팅현장 | D72: (주)도경 | E72: 삼일원앙아파트 | F72: 51700000 | G72: =F72-Z72-Z73 -> 32422000 | H72: =G72*20% -> 6484400 | I72: 선금 | J72: 46098 | K72: 46099 | L72: 46101 | M72: =IF(L72<>"", L72+20, "") -> 46121 | N72: 46127 | O72: =H72*1.1 -> 7132840 | P72: =IF(L72="", 0, (H72*1.1)-O72) -> 0 | Q72: =Q74 -> 46118 | S72: =IF(OR(L72="",P72=0),"",IF(I72="선금",IF(TODAY()-L72>=91,"장기미수",IF(TODAY()-L72>=21,"관리","")),IF(TODAY()-L72>=91,"장기미수",IF(TODAY()-L72>=31,"관리","")))) | T72: 22912000 | U72: =G72-T72-AG72 -> 9160000 | V72: =U72/F72 -> 0.17717602 | X72: 이용암 | Y72: 14000 | Z72: =1377*Y72 -> 19278000 | AE72: 350000 | AG72: =SUM(AB72:AF72) -> 350000
B73: =IF(I72="잔금", B72+1, B72) -> 24 | C73: 컨설팅현장 | D73: =D72 -> (주)도경 | E73: =E72 -> 삼일원앙아파트 | H73: =G72*40% -> 12968800 | I73: 중도금 | J73: =J72 -> 46098 | K73: =K72 -> 46099 | L73: 46113 | M73: =IF(L73<>"", L73+30, "") -> 46143 | N73: 46127 | O73: =H73*1.1 -> 14265680 | P73: =IF(L73="", 0, (H73*1.1)-O73) -> 0 | Q73: =Q74 -> 46118 | S73: =IF(OR(L73="",P73=0),"",IF(I73="선금",IF(TODAY()-L73>=91,"장기미수",IF(TODAY()-L73>=21,"관리","")),IF(TODAY()-L73>=91,"장기미수",IF(TODAY()-L73>=31,"관리","")))) | Z73: =528*Y73 -> 0
B74: =IF(I73="잔금", B73+1, B73) -> 24 | C74: 컨설팅현장 | D74: =D73 -> (주)도경 | E74: =E73 -> 삼일원앙아파트 | G74: =-AG72 -> -350000 | H74: =(G72*40%)-AG72 -> 12618800 | I74: 잔금 | J74: =J73 -> 46098 | K74: =K73 -> 46099 | L74: 46125 | M74: =IF(L74<>"", L74+30, "") -> 46155 | N74: 46157 | O74: =H74*1.1 -> 13880680 | P74: =IF(L74="", 0, (H74*1.1)-O74) -> 0 | Q74: 46118 | R74: =N74-Q74 -> 39 | S74: =IF(OR(L74="",P74=0),"",IF(I74="선금",IF(TODAY()-L74>=91,"장기미수",IF(TODAY()-L74>=21,"관리","")),IF(TODAY()-L74>=91,"장기미수",IF(TODAY()-L74>=31,"관리",""))))
B75: =IF(I74="잔금", B74+1, B74) -> 25 | C75: 컨설팅현장 | D75: ㈜일성기업 | E75: 산격대우아파트 | F75: 286500000 | G75: =F75-Z75-Z76 -> 178691000 | H75: 52857300 | I75: 선금 | J75: 46097 | K75: 46098 | L75: 46101 | M75: =IF(L75<>"", L75+20, "") -> 46121 | N75: 46112 | O75: =H75*1.1 -> 58143030 | P75: =IF(L75="", 0, (H75*1.1)-O75) -> 0 | Q75: =Q77 -> 46153 | S75: =IF(OR(L75="",P75=0),"",IF(I75="선금",IF(TODAY()-L75>=91,"장기미수",IF(TODAY()-L75>=21,"관리","")),IF(TODAY()-L75>=91,"장기미수",IF(TODAY()-L75>=31,"관리","")))) | X75: 신현섭 | Y75: 13000 | Z75: =(2945*13000)+(660*13000) -> 46865000 | AB75: 6994000 | AG75: =SUM(AB75:AF75) -> 6994000
B76: =IF(I75="잔금", B75+1, B75) -> 25 | C76: 컨설팅현장 | D76: =D75 -> ㈜일성기업 | E76: =E75 -> 산격대우아파트 | H76: 70476400 | I76: 중도금 | J76: =J75 -> 46097 | K76: =K75 -> 46098 | L76: 46126 | M76: =IF(L76<>"", L76+30, "") -> 46156 | N76: 46146 | O76: =H76*1.1 -> 77524040 | P76: =IF(L76="", 0, (H76*1.1)-O76) -> 0 | Q76: =Q77 -> 46153 | S76: =IF(OR(L76="",P76=0),"",IF(I76="선금",IF(TODAY()-L76>=91,"장기미수",IF(TODAY()-L76>=21,"관리","")),IF(TODAY()-L76>=91,"장기미수",IF(TODAY()-L76>=31,"관리","")))) | X76: 윤성환 | Y76: 13000 | Z76: =(3124*13000)+(666*13000)+((223+675)*13000) -> 60944000
B77: =IF(I76="잔금", B76+1, B76) -> 25 | C77: 컨설팅현장 | D77: =D76 -> ㈜일성기업 | E77: =E76 -> 산격대우아파트 | G77: =-AG75 -> -6994000 | H77: =G75-H75-H76-AG75 -> 48363300 | I77: 잔금 | J77: =J76 -> 46097 | K77: =K76 -> 46098 | M77: =IF(L77<>"", L77+30, "") | P77: =IF(L77="", 0, (H77*1.1)-O77) -> 0 | Q77: 46153 | S77: =IF(OR(L77="",P77=0),"",IF(I77="선금",IF(TODAY()-L77>=91,"장기미수",IF(TODAY()-L77>=21,"관리","")),IF(TODAY()-L77>=91,"장기미수",IF(TODAY()-L77>=31,"관리",""))))
B78: =IF(I77="잔금", B77+1, B77) -> 26 | C78: 컨설팅현장 | D78: ㈜케이탑건설 | E78: 한보구암마을아파트 | F78: 38200000 | G78: =F78-Z78-Z79 -> 30430000 | H78: 8559000 | I78: 선금 | J78: 46100 | K78: 46101 | L78: 46105 | M78: =IF(L78<>"", L78+20, "") -> 46125 | N78: 46107 | O78: =H78*1.1 -> 9414900 | P78: =IF(L78="", 0, (H78*1.1)-O78) -> 0 | Q78: =Q80 -> 46153 | S78: =IF(OR(L78="",P78=0),"",IF(I78="선금",IF(TODAY()-L78>=91,"장기미수",IF(TODAY()-L78>=21,"관리","")),IF(TODAY()-L78>=91,"장기미수",IF(TODAY()-L78>=31,"관리","")))) | X78: 김병석 | Y78: 10,000/15,000 | Z78: =(267*10000)+(340*15000) -> 7770000 | AB78: =15561000+750000 -> 16311000 | AD78: 18000000 | AE78: 250000 | AG78: =SUM(AB78:AF78) -> 34561000
B79: =IF(I78="잔금", B78+1, B78) -> 26 | C79: 컨설팅현장 | D79: =D78 -> ㈜케이탑건설 | E79: =E78 -> 한보구암마을아파트 | I79: 중도금 | J79: =J78 -> 46100 | K79: =K78 -> 46101 | P79: =IF(L79="", 0, (H79*1.1)-O79) -> 0 | Q79: =Q80 -> 46153 | S79: =IF(OR(L79="",P79=0),"",IF(I79="선금",IF(TODAY()-L79>=91,"장기미수",IF(TODAY()-L79>=21,"관리","")),IF(TODAY()-L79>=91,"장기미수",IF(TODAY()-L79>=31,"관리",""))))
B80: =IF(I79="잔금", B79+1, B79) -> 26 | C80: 컨설팅현장 | D80: =D79 -> ㈜케이탑건설 | E80: =E79 -> 한보구암마을아파트 | G80: =-AG78 -> -34561000 | H80: =(G78-H78)-AG78 -> -12690000 | I80: 잔금 | J80: =J79 -> 46100 | K80: =K79 -> 46101 | L80: 46171 | M80: =IF(L80<>"", L80+30, "") -> 46201 | P80: =IF(L80="", 0, (H80*1.1)-O80) -> -13959000 | Q80: 46153 | S80: =IF(OR(L80="",P80=0),"",IF(I80="선금",IF(TODAY()-L80>=91,"장기미수",IF(TODAY()-L80>=21,"관리","")),IF(TODAY()-L80>=91,"장기미수",IF(TODAY()-L80>=31,"관리",""))))
B81: =IF(I80="잔금", B80+1, B80) -> 27 | C81: 컨설팅현장 | D81: ㈜적산건설 | E81: 암사동한솔아파트 | F81: 23300000 | G81: =F81-Z81-Z82 -> 16405000 | H81: =G81*20% -> 3281000 | I81: 선금 | J81: 46104 | K81: 46105 | L81: 46105 | M81: =IF(L81<>"", L81+20, "") -> 46125 | N81: 46127 | O81: =H81*1.1 -> 3609100 | P81: =IF(L81="", 0, (H81*1.1)-O81) -> 0 | Q81: =Q83 -> 46109 | S81: =IF(OR(L81="",P81=0),"",IF(I81="선금",IF(TODAY()-L81>=91,"장기미수",IF(TODAY()-L81>=21,"관리","")),IF(TODAY()-L81>=91,"장기미수",IF(TODAY()-L81>=31,"관리","")))) | T81: 10051600 | U81: =G81-T81-AG81 -> 4009400 | V81: =U81/F81 -> 0.17207725 | X81: 김용재 | Y81: 10,000/9,000 | Z81: =(568*10000)+(135*9000) -> 6895000 | AB81: 2244000 | AE81: 100000 | AG81: =SUM(AB81:AF81) -> 2344000
B82: =IF(I81="잔금", B81+1, B81) -> 27 | C82: 컨설팅현장 | D82: =D81 -> ㈜적산건설 | E82: =E81 -> 암사동한솔아파트 | H82: =G81*40% -> 6562000 | I82: 중도금 | J82: =J81 -> 46104 | K82: =K81 -> 46105 | L82: 46112 | M82: =IF(L82<>"", L82+30, "") -> 46142 | N82: 46127 | O82: =H82*1.1 -> 7218200 | P82: =IF(L82="", 0, (H82*1.1)-O82) -> 0 | Q82: =Q83 -> 46109 | S82: =IF(OR(L82="",P82=0),"",IF(I82="선금",IF(TODAY()-L82>=91,"장기미수",IF(TODAY()-L82>=21,"관리","")),IF(TODAY()-L82>=91,"장기미수",IF(TODAY()-L82>=31,"관리",""))))
B83: =IF(I82="잔금", B82+1, B82) -> 27 | C83: 컨설팅현장 | D83: =D82 -> ㈜적산건설 | E83: =E82 -> 암사동한솔아파트 | G83: =-AG81 -> -2344000 | H83: =(G81*40%)-AG81 -> 4218000 | I83: 잔금 | J83: =J82 -> 46104 | K83: =K82 -> 46105 | L83: 46119 | M83: =IF(L83<>"", L83+30, "") -> 46149 | N83: 46157 | O83: =H83*1.1 -> 4639800 | P83: =IF(L83="", 0, (H83*1.1)-O83) -> 0 | Q83: 46109 | R83: =N83-Q83 -> 48 | S83: =IF(OR(L83="",P83=0),"",IF(I83="선금",IF(TODAY()-L83>=91,"장기미수",IF(TODAY()-L83>=21,"관리","")),IF(TODAY()-L83>=91,"장기미수",IF(TODAY()-L83>=31,"관리",""))))
B84: =IF(I83="잔금", B83+1, B83) -> 28 | C84: 컨설팅현장 | D84: 코지건설㈜ | E84: 동탄역시범리슈빌아파트 | F84: 67200000 | G84: =F84-Z84-Z85 -> 40400000 | H84: =G84*20% -> 8080000 | I84: 선금 | J84: 46101 | K84: 46105 | L84: 46106 | M84: =IF(L84<>"", L84+20, "") -> 46126 | N84: 46113 | O84: =H84*1.1 -> 8888000 | P84: =IF(L84="", 0, (H84*1.1)-O84) -> 0 | Q84: =Q86 -> 46114 | S84: =IF(OR(L84="",P84=0),"",IF(I84="선금",IF(TODAY()-L84>=91,"장기미수",IF(TODAY()-L84>=21,"관리","")),IF(TODAY()-L84>=91,"장기미수",IF(TODAY()-L84>=31,"관리","")))) | T84: 21764100 | U84: =G84-T84-AG84 -> 17235900 | V84: =U84/F84 -> 0.25648661 | X84: 이상돈 | Y84: 16000 | Z84: =1675*16000 -> 26800000 | AD84: 1200000 | AE84: 200000 | AG84: =SUM(AB84:AF84) -> 1400000
B85: =IF(I84="잔금", B84+1, B84) -> 28 | C85: 컨설팅현장 | D85: =D84 -> 코지건설㈜ | E85: =E84 -> 동탄역시범리슈빌아파트 | H85: =G84*40% -> 16160000 | I85: 중도금 | J85: =J84 -> 46101 | K85: =K84 -> 46105 | L85: 46113 | M85: =IF(L85<>"", L85+30, "") -> 46143 | N85: 46150 | O85: =H85*1.1 -> 17776000 | P85: =IF(L85="", 0, (H85*1.1)-O85) -> 0 | Q85: =Q86 -> 46114 | S85: =IF(OR(L85="",P85=0),"",IF(I85="선금",IF(TODAY()-L85>=91,"장기미수",IF(TODAY()-L85>=21,"관리","")),IF(TODAY()-L85>=91,"장기미수",IF(TODAY()-L85>=31,"관리",""))))
B86: =IF(I85="잔금", B85+1, B85) -> 28 | C86: 컨설팅현장 | D86: =D85 -> 코지건설㈜ | E86: =E85 -> 동탄역시범리슈빌아파트 | G86: =-AG84 -> -1400000 | H86: =(G84*40%)-AG84 -> 14760000 | I86: 잔금 | J86: =J85 -> 46101 | K86: =K85 -> 46105 | L86: 46122 | M86: =IF(L86<>"", L86+30, "") -> 46152 | P86: =IF(L86="", 0, (H86*1.1)-O86) -> 16236000 | Q86: 46114 | S86: =IF(OR(L86="",P86=0),"",IF(I86="선금",IF(TODAY()-L86>=91,"장기미수",IF(TODAY()-L86>=21,"관리","")),IF(TODAY()-L86>=91,"장기미수",IF(TODAY()-L86>=31,"관리","")))) -> 관리
B87: =IF(I86="잔금", B86+1, B86) -> 29 | C87: 컨설팅현장 | D87: 여름건설㈜ | E87: 정릉중앙하이츠빌2단지아파트 | F87: 25830000 | G87: =F87-Z87-Z88 -> 18024000 | H87: 2878800 | I87: 선금 | J87: 46106 | K87: 46107 | L87: 46107 | M87: =IF(L87<>"", L87+20, "") -> 46127 | N87: 46154 | O87: =H87*1.1 -> 3166680 | P87: =IF(L87="", 0, (H87*1.1)-O87) -> 0 | Q87: =Q89 -> 46115 | S87: =IF(OR(L87="",P87=0),"",IF(I87="선금",IF(TODAY()-L87>=91,"장기미수",IF(TODAY()-L87>=21,"관리","")),IF(TODAY()-L87>=91,"장기미수",IF(TODAY()-L87>=31,"관리","")))) | T87: 7493950 | U87: =G87-T87-AG87 -> 8430050 | V87: =U87/F87 -> 0.32636663 | X87: 이주일 | Y87: 13,000/14,000 | Z87: =(482*13000)+(110*14000) -> 7806000 | AB87: 2000000 | AE87: 100000 | AG87: =SUM(AB87:AF87) -> 2100000
B88: =IF(I87="잔금", B87+1, B87) -> 29 | C88: 컨설팅현장 | D88: =D87 -> 여름건설㈜ | E88: =E87 -> 정릉중앙하이츠빌2단지아파트 | H88: 5757600 | I88: 중도금 | J88: =J87 -> 46106 | K88: =K87 -> 46107 | L88: 46118 | M88: =IF(L88<>"", L88+30, "") -> 46148 | N88: 46154 | O88: =H88*1.1 -> 6333360 | P88: =IF(L88="", 0, (H88*1.1)-O88) -> 0 | Q88: =Q89 -> 46115 | S88: =IF(OR(L88="",P88=0),"",IF(I88="선금",IF(TODAY()-L88>=91,"장기미수",IF(TODAY()-L88>=21,"관리","")),IF(TODAY()-L88>=91,"장기미수",IF(TODAY()-L88>=31,"관리",""))))
B89: =IF(I88="잔금", B88+1, B88) -> 29 | C89: 컨설팅현장 | D89: =D88 -> 여름건설㈜ | E89: =E88 -> 정릉중앙하이츠빌2단지아파트 | G89: =-AG87 -> -2100000 | H89: =G87-H87-H88-AG87 -> 7287600 | I89: 잔금 | J89: =J88 -> 46106 | K89: =K88 -> 46107 | L89: 46126 | M89: =IF(L89<>"", L89+30, "") -> 46156 | N89: 46154 | O89: =H89*1.1 -> 8016360 | P89: =IF(L89="", 0, (H89*1.1)-O89) -> 0 | Q89: 46115 | R89: =N89-Q89 -> 39 | S89: =IF(OR(L89="",P89=0),"",IF(I89="선금",IF(TODAY()-L89>=91,"장기미수",IF(TODAY()-L89>=21,"관리","")),IF(TODAY()-L89>=91,"장기미수",IF(TODAY()-L89>=31,"관리",""))))
B90: =IF(I89="잔금", B89+1, B89) -> 30 | C90: 컨설팅현장 | D90: 삼정ING건설 | E90: 금오주공그린빌4단지아파트 | F90: 154900000 | G90: =F90-Z90-Z91 -> 88619000 | H90: =G90*20% -> 17723800 | I90: 선금 | J90: 46106 | K90: 46108 | L90: 46113 | M90: =IF(L90<>"", L90+20, "") -> 46133 | N90: 46127 | O90: =H90*1.1 -> 19496180 | P90: =IF(L90="", 0, (H90*1.1)-O90) -> 0 | Q90: =Q92 -> 46148 | S90: =IF(OR(L90="",P90=0),"",IF(I90="선금",IF(TODAY()-L90>=91,"장기미수",IF(TODAY()-L90>=21,"관리","")),IF(TODAY()-L90>=91,"장기미수",IF(TODAY()-L90>=31,"관리","")))) | X90: 김병석 | Y90: 13,000/10,000 | Z90: =(3769*13000)+(868*13000)+(600*10000) -> 66281000 | AB90: 2000000 | AE90: 1000000 | AG90: =SUM(AB90:AF90) -> 3000000
B91: =IF(I90="잔금", B90+1, B90) -> 30 | C91: 컨설팅현장 | D91: =D90 -> 삼정ING건설 | E91: =E90 -> 금오주공그린빌4단지아파트 | H91: =G90*40% -> 35447600 | I91: 중도금 | J91: =J90 -> 46106 | K91: =K90 -> 46108 | L91: 46132 | M91: =IF(L91<>"", L91+30, "") -> 46162 | N91: 46153 | O91: =H91*1.1 -> 38992360 | P91: =IF(L91="", 0, (H91*1.1)-O91) -> 0 | Q91: =Q92 -> 46148 | S91: =IF(OR(L91="",P91=0),"",IF(I91="선금",IF(TODAY()-L91>=91,"장기미수",IF(TODAY()-L91>=21,"관리","")),IF(TODAY()-L91>=91,"장기미수",IF(TODAY()-L91>=31,"관리",""))))
B92: =IF(I91="잔금", B91+1, B91) -> 30 | C92: 컨설팅현장 | D92: =D91 -> 삼정ING건설 | E92: =E91 -> 금오주공그린빌4단지아파트 | G92: =-AG90 -> -3000000 | H92: =(G90*40%)-AG90 -> 32447600 | I92: 잔금 | J92: =J91 -> 46106 | K92: =K91 -> 46108 | L92: 46161 | M92: =IF(L92<>"", L92+30, "") -> 46191 | P92: =IF(L92="", 0, (H92*1.1)-O92) -> 35692360 | Q92: 46148 | S92: =IF(OR(L92="",P92=0),"",IF(I92="선금",IF(TODAY()-L92>=91,"장기미수",IF(TODAY()-L92>=21,"관리","")),IF(TODAY()-L92>=91,"장기미수",IF(TODAY()-L92>=31,"관리",""))))
B93: =IF(I92="잔금", B92+1, B92) -> 31 | C93: 컨설팅현장 | D93: (주)기림이앤씨 | E93: 두정이편한세상3차아파트 | F93: 217700000 | G93: =F93-Z93-Z94 -> 132141000 | H93: 48448200 | I93: 선금 | J93: 46100 | K93: 46105 | L93: 46113 | M93: =IF(L93<>"", L93+20, "") -> 46133 | N93: 46127 | O93: =H93*1.1 -> 53293020 | P93: =IF(L93="", 0, (H93*1.1)-O93) -> 0 | Q93: =Q95 -> 46159 | S93: =IF(OR(L93="",P93=0),"",IF(I93="선금",IF(TODAY()-L93>=91,"장기미수",IF(TODAY()-L93>=21,"관리","")),IF(TODAY()-L93>=91,"장기미수",IF(TODAY()-L93>=31,"관리","")))) | X93: 김원규 | Y93: 12,000/5,000 | Z93: =(6602*12000)+(1267*5000) -> 85559000 | AE93: 1300000 | AG93: =SUM(AB93:AF93) -> 1300000
B94: =IF(I93="잔금", B93+1, B93) -> 31 | C94: 컨설팅현장 | D94: =D93 -> (주)기림이앤씨 | E94: =E93 -> 두정이편한세상3차아파트 | H94: 30836400 | I94: 중도금 | J94: =J93 -> 46100 | K94: =K93 -> 46105 | L94: 46141 | M94: =IF(L94<>"", L94+30, "") -> 46171 | N94: 46157 | O94: =H94*1.1 -> 33920040 | P94: =IF(L94="", 0, (H94*1.1)-O94) -> 0 | Q94: =Q95 -> 46159 | S94: =IF(OR(L94="",P94=0),"",IF(I94="선금",IF(TODAY()-L94>=91,"장기미수",IF(TODAY()-L94>=21,"관리","")),IF(TODAY()-L94>=91,"장기미수",IF(TODAY()-L94>=31,"관리",""))))
B95: =IF(I94="잔금", B94+1, B94) -> 31 | C95: 컨설팅현장 | D95: =D94 -> (주)기림이앤씨 | E95: =E94 -> 두정이편한세상3차아파트 | G95: =-AG93 -> -1300000 | H95: =G93-H93-H94-AG93 -> 51556400 | I95: 잔금 | J95: =J94 -> 46100 | K95: =K94 -> 46105 | M95: =IF(L95<>"", L95+30, "") | P95: =IF(L95="", 0, (H95*1.1)-O95) -> 0 | Q95: 46159 | S95: =IF(OR(L95="",P95=0),"",IF(I95="선금",IF(TODAY()-L95>=91,"장기미수",IF(TODAY()-L95>=21,"관리","")),IF(TODAY()-L95>=91,"장기미수",IF(TODAY()-L95>=31,"관리",""))))
B96: =IF(I95="잔금", B95+1, B95) -> 32 | C96: 컨설팅현장 | D96: (주)다수건설 | E96: 우미이노스빌아파트 | F96: 185000000 | G96: =F96-Z96-Z97 -> 119192000 | H96: =G96*20% -> 23838400 | I96: 선금 | J96: 46108 | K96: 46114 | L96: 46114 | M96: =IF(L96<>"", L96+20, "") -> 46134 | N96: 46114 | O96: =H96*1.1 -> 26222240 | P96: =IF(L96="", 0, (H96*1.1)-O96) -> 0 | Q96: =Q98 -> (예)2026-05-31 | S96: =IF(OR(L96="",P96=0),"",IF(I96="선금",IF(TODAY()-L96>=91,"장기미수",IF(TODAY()-L96>=21,"관리","")),IF(TODAY()-L96>=91,"장기미수",IF(TODAY()-L96>=31,"관리","")))) | X96: 이성수 | Y96: 12000 | Z96: =(3852*12000)+(1632*12000) -> 65808000 | AG96: =SUM(AB96:AF96) -> 0
B97: =IF(I96="잔금", B96+1, B96) -> 32 | C97: 컨설팅현장 | D97: =D96 -> (주)다수건설 | E97: =E96 -> 우미이노스빌아파트 | H97: =G96*40% -> 47676800 | I97: 중도금 | J97: =J96 -> 46108 | K97: =K96 -> 46114 | L97: 46148 | M97: =IF(L97<>"", L97+30, "") -> 46178 | N97: 46150 | O97: =H97*1.1 -> 52444480 | P97: =IF(L97="", 0, (H97*1.1)-O97) -> 0 | Q97: =Q98 -> (예)2026-05-31 | S97: =IF(OR(L97="",P97=0),"",IF(I97="선금",IF(TODAY()-L97>=91,"장기미수",IF(TODAY()-L97>=21,"관리","")),IF(TODAY()-L97>=91,"장기미수",IF(TODAY()-L97>=31,"관리",""))))
B98: =IF(I97="잔금", B97+1, B97) -> 32 | C98: 컨설팅현장 | D98: =D97 -> (주)다수건설 | E98: =E97 -> 우미이노스빌아파트 | G98: =-AG96 -> 0 | H98: =(G96*40%)-AG96 -> 47676800 | I98: 잔금 | J98: =J97 -> 46108 | K98: =K97 -> 46114 | M98: =IF(L98<>"", L98+30, "") | P98: =IF(L98="", 0, (H98*1.1)-O98) -> 0 | Q98: (예)2026-05-31 | S98: =IF(OR(L98="",P98=0),"",IF(I98="선금",IF(TODAY()-L98>=91,"장기미수",IF(TODAY()-L98>=21,"관리","")),IF(TODAY()-L98>=91,"장기미수",IF(TODAY()-L98>=31,"관리",""))))
B99: =IF(I98="잔금", B98+1, B98) -> 33 | C99: 컨설팅현장 | D99: 초담건설㈜ | E99: 대지마을현대홈타운아파트 | F99: 196700000 | G99: =F99-Z99-Z100 -> 115250000 | H99: =G99*20% -> 23050000 | I99: 선금 | J99: 46108 | K99: 46112 | L99: 46114 | M99: =IF(L99<>"", L99+20, "") -> 46134 | N99: 46115 | O99: =H99*1.1 -> 25355000 | P99: =IF(L99="", 0, (H99*1.1)-O99) -> 0 | Q99: =Q101 -> 46153 | S99: =IF(OR(L99="",P99=0),"",IF(I99="선금",IF(TODAY()-L99>=91,"장기미수",IF(TODAY()-L99>=21,"관리","")),IF(TODAY()-L99>=91,"장기미수",IF(TODAY()-L99>=31,"관리","")))) | X99: 이상돈 | Y99: 15000 | Z99: =5430*Y99 -> 81450000 | AE99: 800000 | AG99: =SUM(AB99:AF99) -> 800000
B100: =IF(I99="잔금", B99+1, B99) -> 33 | C100: 컨설팅현장 | D100: =D99 -> 초담건설㈜ | E100: =E99 -> 대지마을현대홈타운아파트 | H100: =G99*40% -> 46100000 | I100: 중도금 | J100: =J99 -> 46108 | K100: =K99 -> 46112 | L100: 46139 | M100: =IF(L100<>"", L100+30, "") -> 46169 | N100: 46157 | O100: =H100*1.1 -> 50710000 | P100: =IF(L100="", 0, (H100*1.1)-O100) -> 0 | Q100: =Q101 -> 46153 | S100: =IF(OR(L100="",P100=0),"",IF(I100="선금",IF(TODAY()-L100>=91,"장기미수",IF(TODAY()-L100>=21,"관리","")),IF(TODAY()-L100>=91,"장기미수",IF(TODAY()-L100>=31,"관리",""))))
...

Sheet 기술자문료
B1: 순번 | C1: 매출구분 | D1: 업체명 | E1: 현장명 | F1: 계약금액(V-) | G1: 매출금액(v-) | H1: 구분 | I1: 계약일 | J1: 착공일 | K1: 매출일 | L1: 입금예정일 | M1: 입금일 | N1: 입금액(V+) | O1: 수금예정액(V+) | P1: 준공일 | Q1: 입금지연 | S1: 차감총액 | T1: 영업수수료 | V1: 예외여부 | W1: 예외사유
B2: 1 | C2: 기술자문료 | D2: (주)에이치제이건설 | E2: 해운대 센텀트루엘아파트(재도장) | F2: 133800000 | G2: =F2*20% -> 26760000 | H2: 선금 | J2: 45943 | K2: 45967 | L2: =IF(K2<>"", K2+30, "") -> 45997 | M2: 46142 | N2: =G2*1.1 -> 29436000 | O2: =IF(K2="", 0, (G2*1.1)-N2) -> 0 | P2: =P4 -> 46142 | Q2: =IF(OR(K2="",O2=0),"",IF(TODAY()-K2>=91,"장기미수",IF(TODAY()-K2>=31,"관리",""))) | T2: 38500000
B3: =IF(H2="잔금", B2+1, B2) -> 1 | C3: =C2 -> 기술자문료 | D3: =D2 -> (주)에이치제이건설 | E3: =E2 -> 해운대 센텀트루엘아파트(재도장) | G3: =F2*40% -> 53520000 | H3: 중도금 | J3: =J2 -> 45943 | K3: 46010 | L3: =IF(K3<>"", K3+30, "") -> 46040 | M3: 46171 | N3: =G3*1.1 -> 58872000 | O3: =IF(K3="", 0, (G3*1.1)-N3) -> 0 | P3: =P4 -> 46142 | Q3: =IF(OR(K3="",O3=0),"",IF(TODAY()-K3>=91,"장기미수",IF(TODAY()-K3>=31,"관리",""))) | T3: 38500000
B4: =IF(H3="잔금", B3+1, B3) -> 1 | C4: =C3 -> 기술자문료 | D4: =D3 -> (주)에이치제이건설 | E4: =E3 -> 해운대 센텀트루엘아파트(재도장) | G4: =F2-G2-G3-S4 -> 38970000 | H4: 잔금 | I4: 45992 | J4: =J3 -> 45943 | K4: 46155 | L4: =IF(K4<>"", K4+30, "") -> 46185 | O4: =IF(K4="", 0, (G4*1.1)-N4) -> 42867000 | P4: 46142 | Q4: =IF(OR(K4="",O4=0),"",IF(TODAY()-K4>=91,"장기미수",IF(TODAY()-K4>=31,"관리",""))) | S4: 14550000 | T4: =40700000+14300000+34100000 -> 89100000
B5: =IF(H4="잔금", B4+1, B4) -> 2 | C5: 기술자문료 | D5: ㈜대한진단건설 | E5: 해운대 센텀트루엘아파트(주차장) | F5: 77160000 | G5: =F5*20% -> 15432000 | H5: 선금 | I5: 46028 | J5: 46084 | K5: 46133 | L5: =IF(K5<>"", K5+30, "") -> 46163 | M5: 46142 | N5: =G5*1.1 -> 16975200 | O5: =IF(K5="", 0, (G5*1.1)-N5) -> 0 | P5: =P7 -> (예)2026-05-31 | Q5: =IF(OR(K5="",O5=0),"",IF(TODAY()-K5>=91,"장기미수",IF(TODAY()-K5>=31,"관리",""))) | T5: 22000000
B6: =IF(H5="잔금", B5+1, B5) -> 2 | C6: =C5 -> 기술자문료 | D6: =D5 -> ㈜대한진단건설 | E6: =E5 -> 해운대 센텀트루엘아파트(주차장) | G6: =F5*40% -> 30864000 | H6: 중도금 | I6: =I5 -> 46028 | J6: =J5 -> 46084 | O6: =IF(K6="", 0, (G6*1.1)-N6) -> 0 | P6: =P7 -> (예)2026-05-31 | Q6: =IF(OR(K6="",O6=0),"",IF(TODAY()-K6>=91,"장기미수",IF(TODAY()-K6>=31,"관리",""))) | T6: 28600000
B7: =IF(H6="잔금", B6+1, B6) -> 2 | C7: =C6 -> 기술자문료 | D7: =D6 -> ㈜대한진단건설 | E7: =E6 -> 해운대 센텀트루엘아파트(주차장) | G7: =(F5*40%)-S7 -> 30864000 | H7: 잔금 | I7: =I6 -> 46028 | J7: =J6 -> 46084 | O7: =IF(K7="", 0, (G7*1.1)-N7) -> 0 | P7: (예)2026-05-31 | Q7: =IF(OR(K7="",O7=0),"",IF(TODAY()-K7>=91,"장기미수",IF(TODAY()-K7>=31,"관리",""))) | T7: =19800000+19800000 -> 39600000
B8: =IF(H7="잔금", B7+1, B7) -> 3 | C8: 기술자문료 | D8: (주)에이치제이건설 | E8: 서면동일파크스위트3차아파트 | F8: 43260000 | G8: 16130000 | H8: 선금 | I8: 45992 | J8: 45978 | K8: 46027 | L8: =IF(K8<>"", K8+30, "") -> 46057 | M8: 46142 | N8: =G8*1.1 -> 17743000 | O8: =IF(K8="", 0, (G8*1.1)-N8) -> 0 | P8: =P10 -> 46142 | Q8: =IF(OR(K8="",O8=0),"",IF(TODAY()-K8>=91,"장기미수",IF(TODAY()-K8>=31,"관리",""))) | T8: 16500000 | X8: 11월 13일
B9: =IF(H8="잔금", B8+1, B8) -> 3 | C9: =C8 -> 기술자문료 | D9: =D8 -> (주)에이치제이건설 | E9: =E8 -> 서면동일파크스위트3차아파트 | G9: 11000000 | H9: 중도금 | I9: 45992 | J9: =J8 -> 45978 | K9: 46066 | L9: =IF(K9<>"", K9+30, "") -> 46096 | M9: 46157 | N9: =G9*1.1 -> 12100000 | O9: =IF(K9="", 0, (G9*1.1)-N9) -> 0 | P9: =P10 -> 46142 | Q9: =IF(OR(K9="",O9=0),"",IF(TODAY()-K9>=91,"장기미수",IF(TODAY()-K9>=31,"관리",""))) | T9: 16500000
B10: =IF(H9="잔금", B9+1, B9) -> 3 | C10: =C9 -> 기술자문료 | D10: =D9 -> (주)에이치제이건설 | E10: =E9 -> 서면동일파크스위트3차아파트 | G10: =F8-G8-G9-S10 -> 13660000 | H10: 잔금 | I10: 45992 | J10: =J9 -> 45978 | K10: 46153 | L10: =IF(K10<>"", K10+30, "") -> 46183 | O10: =IF(K10="", 0, (G10*1.1)-N10) -> 15026000 | P10: 46142 | Q10: =IF(OR(K10="",O10=0),"",IF(TODAY()-K10>=91,"장기미수",IF(TODAY()-K10>=31,"관리",""))) | S10: 2470000 | T10: 19800000
B11: =IF(H10="잔금", B10+1, B10) -> 4 | C11: 기술자문료 | D11: (주)청명이앤디 | E11: 영주동도경오벨리스아파트 | F11: 15000000 | G11: =F11*50% -> 7500000 | H11: 선금 | I11: 46000 | J11: 45999 | K11: 46058 | L11: 46088 | M11: 46073 | N11: =G11*1.1 -> 8250000 | O11: =IF(K11="", 0, (G11*1.1)-N11) -> 0 | P11: =P13 -> 46134 | Q11: =IF(OR(K11="",O11=0),"",IF(TODAY()-K11>=91,"장기미수",IF(TODAY()-K11>=31,"관리",""))) | V11: Y | W11: 영업수수료
B12: =IF(H11="잔금", B11+1, B11) -> 4 | C12: =C11 -> 기술자문료 | D12: =D11 -> (주)청명이앤디 | E12: =E11 -> 영주동도경오벨리스아파트 | H12: 중도금 | I12: =I11 -> 46000 | J12: =J11 -> 45999 | O12: =IF(K12="", 0, (G12*1.1)-N12) -> 0 | P12: =P13 -> 46134 | Q12: =IF(OR(K12="",O12=0),"",IF(TODAY()-K12>=91,"장기미수",IF(TODAY()-K12>=31,"관리","")))
B13: =IF(H12="잔금", B12+1, B12) -> 4 | C13: =C12 -> 기술자문료 | D13: =D12 -> (주)청명이앤디 | E13: =E12 -> 영주동도경오벨리스아파트 | G13: =(F11*50%)-S13 -> 7500000 | H13: 잔금 | I13: =I12 -> 46000 | J13: =J12 -> 45999 | K13: 46155 | L13: =IF(K13<>"", K13+30, "") -> 46185 | M13: 46164 | N13: =G13*1.1 -> 8250000 | O13: =IF(K13="", 0, (G13*1.1)-N13) -> 0 | P13: 46134 | Q13: =IF(OR(K13="",O13=0),"",IF(TODAY()-K13>=91,"장기미수",IF(TODAY()-K13>=31,"관리",""))) | T13: 16500000
B14: =IF(H13="잔금", B13+1, B13) -> 5 | C14: 기술자문료 | D14: (주)에이치제이건설 | E14: 양산평산KCC스위첸 | F14: 55000000 | H14: 선금 | J14: 45589 | O14: =IF(K14="", 0, (G14*1.1)-N14) -> 0 | P14: =P16 -> 45900 | Q14: =IF(OR(K14="",O14=0),"",IF(TODAY()-K14>=91,"장기미수",IF(TODAY()-K14>=31,"관리",""))) | X14: 11월 13일
B15: =IF(H14="잔금", B14+1, B14) -> 5 | C15: =C14 -> 기술자문료 | D15: =D14 -> (주)에이치제이건설 | E15: =E14 -> 양산평산KCC스위첸 | H15: 중도금 | J15: =J14 -> 45589 | O15: =IF(K15="", 0, (G15*1.1)-N15) -> 0 | P15: =P16 -> 45900 | Q15: =IF(OR(K15="",O15=0),"",IF(TODAY()-K15>=91,"장기미수",IF(TODAY()-K15>=31,"관리","")))
B16: =IF(H15="잔금", B15+1, B15) -> 5 | C16: =C15 -> 기술자문료 | D16: =D15 -> (주)에이치제이건설 | E16: =E15 -> 양산평산KCC스위첸 | G16: =F14-S16 -> 55000000 | H16: 잔금 | I16: 45992 | J16: =J15 -> 45589 | O16: =IF(K16="", 0, (G16*1.1)-N16) -> 0 | P16: 45900 | Q16: =IF(OR(K16="",O16=0),"",IF(TODAY()-K16>=91,"장기미수",IF(TODAY()-K16>=31,"관리",""))) | T16: 97900000
B17: =IF(H16="잔금", B16+1, B16) -> 6 | C17: 기술자문료_s | D17: (주)부영씨엔씨 | E17: 잠실리센츠 | F17: 406800000 | H17: 선금 | J17: 45966 | O17: =IF(K17="", 0, (G17*1.1)-N17) -> 0 | P17: =P19 -> (예)2026-05-31 | Q17: =IF(OR(K17="",O17=0),"",IF(TODAY()-K17>=91,"장기미수",IF(TODAY()-K17>=31,"관리",""))) | X17: 11월 10일
B18: =IF(H17="잔금", B17+1, B17) -> 6 | C18: =C17 -> 기술자문료_s | D18: =D17 -> (주)부영씨엔씨 | E18: =E17 -> 잠실리센츠 | H18: 중도금 | J18: =J17 -> 45966 | O18: =IF(K18="", 0, (G18*1.1)-N18) -> 0 | P18: =P19 -> (예)2026-05-31 | Q18: =IF(OR(K18="",O18=0),"",IF(TODAY()-K18>=91,"장기미수",IF(TODAY()-K18>=31,"관리","")))
B19: =IF(H18="잔금", B18+1, B18) -> 6 | C19: =C18 -> 기술자문료_s | D19: =D18 -> (주)부영씨엔씨 | E19: =E18 -> 잠실리센츠 | G19: =F17-S19 -> 406800000 | H19: 잔금 | I19: 45992 | J19: =J18 -> 45966 | O19: =IF(K19="", 0, (G19*1.1)-N19) -> 0 | P19: (예)2026-05-31 | Q19: =IF(OR(K19="",O19=0),"",IF(TODAY()-K19>=91,"장기미수",IF(TODAY()-K19>=31,"관리","")))
B20: =IF(H19="잔금", B19+1, B19) -> 7 | C20: 기술자문료 | D20: (주)청명이앤디 | E20: 일광자이푸르지오1단지 아파트 | F20: 12000000 | H20: 선금 | I20: 46076 | J20: 46104 | O20: =IF(K20="", 0, (G20*1.1)-N20) -> 0 | P20: =P22 -> 46128 | Q20: =IF(OR(K20="",O20=0),"",IF(TODAY()-K20>=91,"장기미수",IF(TODAY()-K20>=31,"관리","")))
B21: =IF(H20="잔금", B20+1, B20) -> 7 | C21: =C20 -> 기술자문료 | D21: =D20 -> (주)청명이앤디 | E21: =E20 -> 일광자이푸르지오1단지 아파트 | H21: 중도금 | I21: =I20 -> 46076 | J21: =J20 -> 46104 | O21: =IF(K21="", 0, (G21*1.1)-N21) -> 0 | P21: =P22 -> 46128 | Q21: =IF(OR(K21="",O21=0),"",IF(TODAY()-K21>=91,"장기미수",IF(TODAY()-K21>=31,"관리","")))
B22: =IF(H21="잔금", B21+1, B21) -> 7 | C22: =C21 -> 기술자문료 | D22: =D21 -> (주)청명이앤디 | E22: =E21 -> 일광자이푸르지오1단지 아파트 | G22: =F20-S22 -> 12000000 | H22: 잔금 | I22: =I21 -> 46076 | J22: =J21 -> 46104 | K22: 46148 | L22: =IF(K22<>"", K22+30, "") -> 46178 | O22: =IF(K22="", 0, (G22*1.1)-N22) -> 13200000 | P22: 46128 | Q22: =IF(OR(K22="",O22=0),"",IF(TODAY()-K22>=91,"장기미수",IF(TODAY()-K22>=31,"관리",""))) | T22: 19800000
B23: =IF(H22="잔금", B22+1, B22) -> 8 | C23: 기술자문료 | D23: (주)청명이앤디 | E23: 일광자이푸르지오2단지아파트 | F23: 39700000 | G23: =F23*20% -> 7940000 | H23: 선금 | I23: 46076 | J23: 46073 | K23: 46125 | L23: =IF(K23<>"", K23+20, "") -> 46145 | O23: =IF(K23="", 0, (G23*1.1)-N23) -> 8734000 | P23: =P25 -> 46161 | Q23: =IF(OR(K23="",O23=0),"",IF(TODAY()-K23>=91,"장기미수",IF(TODAY()-K23>=31,"관리",""))) -> 관리
B24: =IF(H23="잔금", B23+1, B23) -> 8 | C24: =C23 -> 기술자문료 | D24: =D23 -> (주)청명이앤디 | E24: =E23 -> 일광자이푸르지오2단지아파트 | G24: =F23*40% -> 15880000 | H24: 중도금 | I24: =I23 -> 46076 | J24: =J23 -> 46073 | K24: 46148 | L24: =IF(K24<>"", K24+20, "") -> 46168 | O24: =IF(K24="", 0, (G24*1.1)-N24) -> 17468000 | P24: =P25 -> 46161 | Q24: =IF(OR(K24="",O24=0),"",IF(TODAY()-K24>=91,"장기미수",IF(TODAY()-K24>=31,"관리","")))
B25: =IF(H24="잔금", B24+1, B24) -> 8 | C25: =C24 -> 기술자문료 | D25: =D24 -> (주)청명이앤디 | E25: =E24 -> 일광자이푸르지오2단지아파트 | G25: =(F23*40%)-S25 -> 15880000 | H25: 잔금 | I25: =I24 -> 46076 | J25: =J24 -> 46073 | O25: =IF(K25="", 0, (G25*1.1)-N25) -> 0 | P25: 46161 | Q25: =IF(OR(K25="",O25=0),"",IF(TODAY()-K25>=91,"장기미수",IF(TODAY()-K25>=31,"관리",""))) | T25: 31680000
B26: =IF(H25="잔금", B25+1, B25) -> 9 | C26: 기술자문료 | D26: ㈜청람건설 | E26: 혁신도시 엘에이치5단지아파트 | F26: 18700000 | H26: 선금 | I26: 46133 | J26: 46073 | O26: =IF(K26="", 0, (G26*1.1)-N26) -> 0 | P26: =P28 -> 46161 | Q26: =IF(OR(K26="",O26=0),"",IF(TODAY()-K26>=91,"장기미수",IF(TODAY()-K26>=31,"관리","")))
B27: =IF(H26="잔금", B26+1, B26) -> 9 | C27: =C26 -> 기술자문료 | D27: =D26 -> ㈜청람건설 | E27: =E26 -> 혁신도시 엘에이치5단지아파트 | H27: 중도금 | I27: =I26 -> 46133 | J27: =J26 -> 46073 | O27: =IF(K27="", 0, (G27*1.1)-N27) -> 0 | P27: =P28 -> 46161 | Q27: =IF(OR(K27="",O27=0),"",IF(TODAY()-K27>=91,"장기미수",IF(TODAY()-K27>=31,"관리","")))
B28: =IF(H27="잔금", B27+1, B27) -> 9 | C28: =C27 -> 기술자문료 | D28: =D27 -> ㈜청람건설 | E28: =E27 -> 혁신도시 엘에이치5단지아파트 | G28: =F26-S28 -> 18700000 | H28: 잔금 | I28: =I27 -> 46133 | J28: =J27 -> 46073 | O28: =IF(K28="", 0, (G28*1.1)-N28) -> 0 | P28: 46161 | Q28: =IF(OR(K28="",O28=0),"",IF(TODAY()-K28>=91,"장기미수",IF(TODAY()-K28>=31,"관리","")))
B29: =IF(H28="잔금", B28+1, B28) -> 10 | C29: 기술자문료_s | D29: 여름건설㈜ | E29: 죽전현대홈타운아파트 | F29: 2000000 | H29: 선금 | I29: 46128 | J29: 46119 | O29: =IF(K29="", 0, (G29*1.1)-N29) -> 0 | P29: =P31 -> 46126 | Q29: =IF(OR(K29="",O29=0),"",IF(TODAY()-K29>=91,"장기미수",IF(TODAY()-K29>=31,"관리","")))
B30: =IF(H29="잔금", B29+1, B29) -> 10 | C30: =C29 -> 기술자문료_s | D30: =D29 -> 여름건설㈜ | E30: =E29 -> 죽전현대홈타운아파트 | H30: 중도금 | I30: =I29 -> 46128 | J30: =J29 -> 46119 | O30: =IF(K30="", 0, (G30*1.1)-N30) -> 0 | P30: =P31 -> 46126 | Q30: =IF(OR(K30="",O30=0),"",IF(TODAY()-K30>=91,"장기미수",IF(TODAY()-K30>=31,"관리","")))
B31: =IF(H30="잔금", B30+1, B30) -> 10 | C31: =C30 -> 기술자문료_s | D31: =D30 -> 여름건설㈜ | E31: =E30 -> 죽전현대홈타운아파트 | G31: =F29-S31 -> 2000000 | H31: 잔금 | I31: =I30 -> 46128 | J31: =J30 -> 46119 | K31: 46164 | L31: =IF(K31<>"", K31+30, "") -> 46194 | O31: =IF(K31="", 0, (G31*1.1)-N31) -> 2200000 | P31: 46126 | Q31: =IF(OR(K31="",O31=0),"",IF(TODAY()-K31>=91,"장기미수",IF(TODAY()-K31>=31,"관리","")))
B32: =IF(H31="잔금", B31+1, B31) -> 11 | C32: 기술자문료_s | D32: 코지건설㈜ | E32: 송도캐슬&해모로아파트 | F32: 40100000 | H32: 선금 | I32: 46127 | J32: 46001 | O32: =IF(K32="", 0, (G32*1.1)-N32) -> 0 | P32: =P34 -> 46112 | Q32: =IF(OR(K32="",O32=0),"",IF(TODAY()-K32>=91,"장기미수",IF(TODAY()-K32>=31,"관리","")))
B33: =IF(H32="잔금", B32+1, B32) -> 11 | C33: =C32 -> 기술자문료_s | D33: =D32 -> 코지건설㈜ | E33: =E32 -> 송도캐슬&해모로아파트 | H33: 중도금 | I33: =I32 -> 46127 | J33: =J32 -> 46001 | O33: =IF(K33="", 0, (G33*1.1)-N33) -> 0 | P33: =P34 -> 46112 | Q33: =IF(OR(K33="",O33=0),"",IF(TODAY()-K33>=91,"장기미수",IF(TODAY()-K33>=31,"관리","")))
B34: =IF(H33="잔금", B33+1, B33) -> 11 | C34: =C33 -> 기술자문료_s | D34: =D33 -> 코지건설㈜ | E34: =E33 -> 송도캐슬&해모로아파트 | G34: =F32-S34 -> 40100000 | H34: 잔금 | I34: =I33 -> 46127 | J34: =J33 -> 46001 | O34: =IF(K34="", 0, (G34*1.1)-N34) -> 0 | P34: 46112 | Q34: =IF(OR(K34="",O34=0),"",IF(TODAY()-K34>=91,"장기미수",IF(TODAY()-K34>=31,"관리","")))
B35: =IF(H34="잔금", B34+1, B34) -> 12 | C35: 기술자문료_s | D35: 코지건설㈜ | E35: 평택비전지웰푸르지오아파트 | F35: 433650000 | H35: 선금 | I35: 46139 | J35: 46097 | O35: =IF(K35="", 0, (G35*1.1)-N35) -> 0 | P35: =P37 -> (예)2026-07-15 | Q35: =IF(OR(K35="",O35=0),"",IF(TODAY()-K35>=91,"장기미수",IF(TODAY()-K35>=31,"관리","")))
B36: =IF(H35="잔금", B35+1, B35) -> 12 | C36: =C35 -> 기술자문료_s | D36: =D35 -> 코지건설㈜ | E36: =E35 -> 평택비전지웰푸르지오아파트 | H36: 중도금 | I36: =I35 -> 46139 | J36: =J35 -> 46097 | O36: =IF(K36="", 0, (G36*1.1)-N36) -> 0 | P36: =P37 -> (예)2026-07-15 | Q36: =IF(OR(K36="",O36=0),"",IF(TODAY()-K36>=91,"장기미수",IF(TODAY()-K36>=31,"관리","")))
B37: =IF(H36="잔금", B36+1, B36) -> 12 | C37: =C36 -> 기술자문료_s | D37: =D36 -> 코지건설㈜ | E37: =E36 -> 평택비전지웰푸르지오아파트 | G37: =F35-S37 -> 433650000 | H37: 잔금 | I37: =I36 -> 46139 | J37: =J36 -> 46097 | O37: =IF(K37="", 0, (G37*1.1)-N37) -> 0 | P37: (예)2026-07-15 | Q37: =IF(OR(K37="",O37=0),"",IF(TODAY()-K37>=91,"장기미수",IF(TODAY()-K37>=31,"관리","")))
B38: =IF(H37="잔금", B37+1, B37) -> 13 | C38: 기술자문료_s | D38: 코지건설㈜ | E38: 동수원월드메르디앙아파트 | F38: 5390000 | H38: 선금 | I38: 46135 | J38: 46055 | O38: =IF(K38="", 0, (G38*1.1)-N38) -> 0 | P38: =P40 -> 46112 | Q38: =IF(OR(K38="",O38=0),"",IF(TODAY()-K38>=91,"장기미수",IF(TODAY()-K38>=31,"관리","")))
B39: =IF(H38="잔금", B38+1, B38) -> 13 | C39: =C38 -> 기술자문료_s | D39: =D38 -> 코지건설㈜ | E39: =E38 -> 동수원월드메르디앙아파트 | H39: 중도금 | I39: =I38 -> 46135 | J39: =J38 -> 46055 | O39: =IF(K39="", 0, (G39*1.1)-N39) -> 0 | P39: =P40 -> 46112 | Q39: =IF(OR(K39="",O39=0),"",IF(TODAY()-K39>=91,"장기미수",IF(TODAY()-K39>=31,"관리","")))
B40: =IF(H39="잔금", B39+1, B39) -> 13 | C40: =C39 -> 기술자문료_s | D40: =D39 -> 코지건설㈜ | E40: =E39 -> 동수원월드메르디앙아파트 | G40: =F38-S40 -> 5390000 | H40: 잔금 | I40: =I39 -> 46135 | J40: =J39 -> 46055 | O40: =IF(K40="", 0, (G40*1.1)-N40) -> 0 | P40: 46112 | Q40: =IF(OR(K40="",O40=0),"",IF(TODAY()-K40>=91,"장기미수",IF(TODAY()-K40>=31,"관리","")))
B41: =IF(H40="잔금", B40+1, B40) -> 14 | C41: 기술자문료_s | D41: 코지건설㈜ | E41: 호매실경남아너스빌(4세대) | F41: 1400000 | H41: 선금 | I41: 46128 | J41: 46082 | O41: =IF(K41="", 0, (G41*1.1)-N41) -> 0 | P41: =P43 -> 46112 | Q41: =IF(OR(K41="",O41=0),"",IF(TODAY()-K41>=91,"장기미수",IF(TODAY()-K41>=31,"관리","")))
B42: =IF(H41="잔금", B41+1, B41) -> 14 | C42: =C41 -> 기술자문료_s | D42: =D41 -> 코지건설㈜ | E42: =E41 -> 호매실경남아너스빌(4세대) | H42: 중도금 | I42: =I41 -> 46128 | J42: =J41 -> 46082 | O42: =IF(K42="", 0, (G42*1.1)-N42) -> 0 | P42: =P43 -> 46112 | Q42: =IF(OR(K42="",O42=0),"",IF(TODAY()-K42>=91,"장기미수",IF(TODAY()-K42>=31,"관리","")))
B43: =IF(H42="잔금", B42+1, B42) -> 14 | C43: =C42 -> 기술자문료_s | D43: =D42 -> 코지건설㈜ | E43: =E42 -> 호매실경남아너스빌(4세대) | G43: =F41-S43 -> 1258000 | H43: 잔금 | I43: =I42 -> 46128 | J43: =J42 -> 46082 | K43: 46164 | L43: =IF(K43<>"", K43+30, "") -> 46194 | O43: =IF(K43="", 0, (G43*1.1)-N43) -> 1383800 | P43: 46112 | Q43: =IF(OR(K43="",O43=0),"",IF(TODAY()-K43>=91,"장기미수",IF(TODAY()-K43>=31,"관리",""))) | S43: 142000
B44: =IF(H43="잔금", B43+1, B43) -> 15 | C44: 기술자문료_s | D44: 코지건설㈜ | E44: 호매실경남아너스빌(1세대) | F44: 3210000 | H44: 선금 | I44: 46128 | J44: 46082 | O44: =IF(K44="", 0, (G44*1.1)-N44) -> 0 | P44: =P46 -> 46112 | Q44: =IF(OR(K44="",O44=0),"",IF(TODAY()-K44>=91,"장기미수",IF(TODAY()-K44>=31,"관리","")))
B45: =IF(H44="잔금", B44+1, B44) -> 15 | C45: =C44 -> 기술자문료_s | D45: =D44 -> 코지건설㈜ | E45: =E44 -> 호매실경남아너스빌(1세대) | H45: 중도금 | I45: =I44 -> 46128 | J45: =J44 -> 46082 | O45: =IF(K45="", 0, (G45*1.1)-N45) -> 0 | P45: =P46 -> 46112 | Q45: =IF(OR(K45="",O45=0),"",IF(TODAY()-K45>=91,"장기미수",IF(TODAY()-K45>=31,"관리","")))
B46: =IF(H45="잔금", B45+1, B45) -> 15 | C46: =C45 -> 기술자문료_s | D46: =D45 -> 코지건설㈜ | E46: =E45 -> 호매실경남아너스빌(1세대) | G46: =F44-S46 -> 3185000 | H46: 잔금 | I46: =I45 -> 46128 | J46: =J45 -> 46082 | K46: 46164 | L46: =IF(K46<>"", K46+30, "") -> 46194 | O46: =IF(K46="", 0, (G46*1.1)-N46) -> 3503500 | P46: 46112 | Q46: =IF(OR(K46="",O46=0),"",IF(TODAY()-K46>=91,"장기미수",IF(TODAY()-K46>=31,"관리",""))) | S46: 25000
B47: =IF(H46="잔금", B46+1, B46) -> 16 | C47: 기술자문료_s | D47: 코지건설㈜ | E47: 매탄그린빌3단지아파트 | F47: 2383000 | H47: 선금 | I47: 46128 | J47: 46100 | O47: =IF(K47="", 0, (G47*1.1)-N47) -> 0 | P47: =P49 -> 46122 | Q47: =IF(OR(K47="",O47=0),"",IF(TODAY()-K47>=91,"장기미수",IF(TODAY()-K47>=31,"관리","")))
B48: =IF(H47="잔금", B47+1, B47) -> 16 | C48: =C47 -> 기술자문료_s | D48: =D47 -> 코지건설㈜ | E48: =E47 -> 매탄그린빌3단지아파트 | H48: 중도금 | I48: =I47 -> 46128 | J48: =J47 -> 46100 | O48: =IF(K48="", 0, (G48*1.1)-N48) -> 0 | P48: =P49 -> 46122 | Q48: =IF(OR(K48="",O48=0),"",IF(TODAY()-K48>=91,"장기미수",IF(TODAY()-K48>=31,"관리","")))
B49: =IF(H48="잔금", B48+1, B48) -> 16 | C49: =C48 -> 기술자문료_s | D49: =D48 -> 코지건설㈜ | E49: =E48 -> 매탄그린빌3단지아파트 | G49: =F47-S49 -> 438500 | H49: 잔금 | I49: =I48 -> 46128 | J49: =J48 -> 46100 | K49: 46164 | L49: =IF(K49<>"", K49+30, "") -> 46194 | O49: =IF(K49="", 0, (G49*1.1)-N49) -> 482350 | P49: 46122 | Q49: =IF(OR(K49="",O49=0),"",IF(TODAY()-K49>=91,"장기미수",IF(TODAY()-K49>=31,"관리",""))) | S49: =530000+1414500 -> 1944500
B50: =IF(H49="잔금", B49+1, B49) -> 17 | C50: 기술자문료_s | D50: 코지건설㈜ | E50: 서남병원 | F50: 324400000 | H50: 선금 | I50: 46128 | J50: 46063 | O50: =IF(K50="", 0, (G50*1.1)-N50) -> 0 | P50: =P52 -> (예)2026-08-08 | Q50: =IF(OR(K50="",O50=0),"",IF(TODAY()-K50>=91,"장기미수",IF(TODAY()-K50>=31,"관리","")))
B51: =IF(H50="잔금", B50+1, B50) -> 17 | C51: =C50 -> 기술자문료_s | D51: =D50 -> 코지건설㈜ | E51: =E50 -> 서남병원 | H51: 중도금 | I51: =I50 -> 46128 | J51: 46063 | O51: =IF(K51="", 0, (G51*1.1)-N51) -> 0 | P51: =P52 -> (예)2026-08-08 | Q51: =IF(OR(K51="",O51=0),"",IF(TODAY()-K51>=91,"장기미수",IF(TODAY()-K51>=31,"관리","")))
B52: =IF(H51="잔금", B51+1, B51) -> 17 | C52: =C51 -> 기술자문료_s | D52: =D51 -> 코지건설㈜ | E52: =E51 -> 서남병원 | G52: =F50-S52 -> 324400000 | H52: 잔금 | I52: =I51 -> 46128 | J52: =J51 -> 46063 | O52: =IF(K52="", 0, (G52*1.1)-N52) -> 0 | P52: (예)2026-08-08 | Q52: =IF(OR(K52="",O52=0),"",IF(TODAY()-K52>=91,"장기미수",IF(TODAY()-K52>=31,"관리","")))
B53: =IF(H52="잔금", B52+1, B52) -> 18 | C53: 기술자문료_s | D53: 코지건설㈜ | E53: 신한1차아파트 | F53: 100700000 | H53: 선금 | I53: 46128 | J53: 46148 | O53: =IF(K53="", 0, (G53*1.1)-N53) -> 0 | P53: =P55 -> (예)2026-08-14 | Q53: =IF(OR(K53="",O53=0),"",IF(TODAY()-K53>=91,"장기미수",IF(TODAY()-K53>=31,"관리","")))
B54: =IF(H53="잔금", B53+1, B53) -> 18 | C54: =C53 -> 기술자문료_s | D54: =D53 -> 코지건설㈜ | E54: =E53 -> 신한1차아파트 | H54: 중도금 | I54: =I53 -> 46128 | J54: =J53 -> 46148 | O54: =IF(K54="", 0, (G54*1.1)-N54) -> 0 | P54: =P55 -> (예)2026-08-14 | Q54: =IF(OR(K54="",O54=0),"",IF(TODAY()-K54>=91,"장기미수",IF(TODAY()-K54>=31,"관리","")))
B55: =IF(H54="잔금", B54+1, B54) -> 18 | C55: =C54 -> 기술자문료_s | D55: =D54 -> 코지건설㈜ | E55: =E54 -> 신한1차아파트 | G55: =F53-S55 -> 100700000 | H55: 잔금 | I55: =I54 -> 46128 | J55: =J54 -> 46148 | O55: =IF(K55="", 0, (G55*1.1)-N55) -> 0 | P55: (예)2026-08-14 | Q55: =IF(OR(K55="",O55=0),"",IF(TODAY()-K55>=91,"장기미수",IF(TODAY()-K55>=31,"관리","")))
B56: =IF(H55="잔금", B55+1, B55) -> 19 | C56: 기술자문료_s | D56: 코지건설㈜ | E56: 대천흥화아파트(보령흥화아파트) | F56: 92007800 | H56: 선금 | I56: 46128 | J56: 46127 | O56: =IF(K56="", 0, (G56*1.1)-N56) -> 0 | P56: =P58 -> (예)2026-06-15 | Q56: =IF(OR(K56="",O56=0),"",IF(TODAY()-K56>=91,"장기미수",IF(TODAY()-K56>=31,"관리","")))
B57: =IF(H56="잔금", B56+1, B56) -> 19 | C57: =C56 -> 기술자문료_s | D57: =D56 -> 코지건설㈜ | E57: =E56 -> 대천흥화아파트(보령흥화아파트) | H57: 중도금 | I57: =I56 -> 46128 | J57: =J56 -> 46127 | O57: =IF(K57="", 0, (G57*1.1)-N57) -> 0 | P57: =P58 -> (예)2026-06-15 | Q57: =IF(OR(K57="",O57=0),"",IF(TODAY()-K57>=91,"장기미수",IF(TODAY()-K57>=31,"관리","")))
B58: =IF(H57="잔금", B57+1, B57) -> 19 | C58: =C57 -> 기술자문료_s | D58: =D57 -> 코지건설㈜ | E58: =E57 -> 대천흥화아파트(보령흥화아파트) | G58: =F56-S58 -> 92007800 | H58: 잔금 | I58: =I57 -> 46128 | J58: =J57 -> 46127 | O58: =IF(K58="", 0, (G58*1.1)-N58) -> 0 | P58: (예)2026-06-15 | Q58: =IF(OR(K58="",O58=0),"",IF(TODAY()-K58>=91,"장기미수",IF(TODAY()-K58>=31,"관리","")))
B59: =IF(H58="잔금", B58+1, B58) -> 20 | C59: 기술자문료_s | D59: 코지건설㈜ | E59: 산들마을2단지서광청구아파트 | F59: 285900000 | H59: 선금 | I59: 46135 | J59: 46113 | O59: =IF(K59="", 0, (G59*1.1)-N59) -> 0 | P59: =P61 -> (예)2026-06-30 | Q59: =IF(OR(K59="",O59=0),"",IF(TODAY()-K59>=91,"장기미수",IF(TODAY()-K59>=31,"관리","")))
B60: =IF(H59="잔금", B59+1, B59) -> 20 | C60: =C59 -> 기술자문료_s | D60: =D59 -> 코지건설㈜ | E60: =E59 -> 산들마을2단지서광청구아파트 | H60: 중도금 | I60: =I59 -> 46135 | J60: =J59 -> 46113 | O60: =IF(K60="", 0, (G60*1.1)-N60) -> 0 | P60: =P61 -> (예)2026-06-30 | Q60: =IF(OR(K60="",O60=0),"",IF(TODAY()-K60>=91,"장기미수",IF(TODAY()-K60>=31,"관리","")))
B61: =IF(H60="잔금", B60+1, B60) -> 20 | C61: =C60 -> 기술자문료_s | D61: =D60 -> 코지건설㈜ | E61: =E60 -> 산들마을2단지서광청구아파트 | G61: =F59-S61 -> 285900000 | H61: 잔금 | I61: =I60 -> 46135 | J61: =J60 -> 46113 | O61: =IF(K61="", 0, (G61*1.1)-N61) -> 0 | P61: (예)2026-06-30 | Q61: =IF(OR(K61="",O61=0),"",IF(TODAY()-K61>=91,"장기미수",IF(TODAY()-K61>=31,"관리","")))
B62: =IF(H61="잔금", B61+1, B61) -> 21 | C62: 기술자문료_s | D62: 코지건설㈜ | E62: 민들레베스파트아파트 | F62: 16818181 | H62: 선금 | I62: 46127 | J62: 46098 | O62: =IF(K62="", 0, (G62*1.1)-N62) -> 0 | P62: =P64 -> 46122 | Q62: =IF(OR(K62="",O62=0),"",IF(TODAY()-K62>=91,"장기미수",IF(TODAY()-K62>=31,"관리","")))
B63: =IF(H62="잔금", B62+1, B62) -> 21 | C63: =C62 -> 기술자문료_s | D63: =D62 -> 코지건설㈜ | E63: =E62 -> 민들레베스파트아파트 | H63: 중도금 | I63: =I62 -> 46127 | J63: =J62 -> 46098 | O63: =IF(K63="", 0, (G63*1.1)-N63) -> 0 | P63: =P64 -> 46122 | Q63: =IF(OR(K63="",O63=0),"",IF(TODAY()-K63>=91,"장기미수",IF(TODAY()-K63>=31,"관리","")))
B64: =IF(H63="잔금", B63+1, B63) -> 21 | C64: =C63 -> 기술자문료_s | D64: =D63 -> 코지건설㈜ | E64: =E63 -> 민들레베스파트아파트 | G64: =F62 -> 16818181 | H64: 잔금 | I64: =I63 -> 46127 | J64: =J63 -> 46098 | O64: =IF(K64="", 0, (G64*1.1)-N64) -> 0 | P64: 46122 | Q64: =IF(OR(K64="",O64=0),"",IF(TODAY()-K64>=91,"장기미수",IF(TODAY()-K64>=31,"관리","")))
B65: =IF(H64="잔금", B64+1, B64) -> 22 | C65: 기술자문료_s | D65: 코지건설㈜ | E65: 나눔빌딩 | F65: 123700000 | H65: 선금 | I65: 46127 | J65: 46055 | O65: =IF(K65="", 0, (G65*1.1)-N65) -> 0 | P65: =P67 -> 46112 | Q65: =IF(OR(K65="",O65=0),"",IF(TODAY()-K65>=91,"장기미수",IF(TODAY()-K65>=31,"관리","")))
B66: =IF(H65="잔금", B65+1, B65) -> 22 | C66: =C65 -> 기술자문료_s | D66: =D65 -> 코지건설㈜ | E66: =E65 -> 나눔빌딩 | H66: 중도금 | I66: =I65 -> 46127 | J66: =J65 -> 46055 | O66: =IF(K66="", 0, (G66*1.1)-N66) -> 0 | P66: =P67 -> 46112 | Q66: =IF(OR(K66="",O66=0),"",IF(TODAY()-K66>=91,"장기미수",IF(TODAY()-K66>=31,"관리","")))
B67: =IF(H66="잔금", B66+1, B66) -> 22 | C67: =C66 -> 기술자문료_s | D67: =D66 -> 코지건설㈜ | E67: =E66 -> 나눔빌딩 | G67: =F65 -> 123700000 | H67: 잔금 | I67: =I66 -> 46127 | J67: =J66 -> 46055 | O67: =IF(K67="", 0, (G67*1.1)-N67) -> 0 | P67: 46112 | Q67: =IF(OR(K67="",O67=0),"",IF(TODAY()-K67>=91,"장기미수",IF(TODAY()-K67>=31,"관리","")))
B68: =IF(H67="잔금", B67+1, B67) -> 23 | C68: 기술자문료_s | D68: 코지건설㈜ | E68: 보령광명샤인빌아파트 | F68: 12500000 | H68: 선금 | I68: 46127 | J68: 46091 | O68: =IF(K68="", 0, (G68*1.1)-N68) -> 0 | P68: =P70 -> 46111 | Q68: =IF(OR(K68="",O68=0),"",IF(TODAY()-K68>=91,"장기미수",IF(TODAY()-K68>=31,"관리","")))
B69: =IF(H68="잔금", B68+1, B68) -> 23 | C69: =C68 -> 기술자문료_s | D69: =D68 -> 코지건설㈜ | E69: =E68 -> 보령광명샤인빌아파트 | H69: 중도금 | I69: =I68 -> 46127 | J69: =J68 -> 46091 | O69: =IF(K69="", 0, (G69*1.1)-N69) -> 0 | P69: =P70 -> 46111 | Q69: =IF(OR(K69="",O69=0),"",IF(TODAY()-K69>=91,"장기미수",IF(TODAY()-K69>=31,"관리","")))
B70: =IF(H69="잔금", B69+1, B69) -> 23 | C70: =C69 -> 기술자문료_s | D70: =D69 -> 코지건설㈜ | E70: =E69 -> 보령광명샤인빌아파트 | G70: =F68-S70 -> 12500000 | H70: 잔금 | I70: =I69 -> 46127 | J70: =J69 -> 46091 | O70: =IF(K70="", 0, (G70*1.1)-N70) -> 0 | P70: 46111 | Q70: =IF(OR(K70="",O70=0),"",IF(TODAY()-K70>=91,"장기미수",IF(TODAY()-K70>=31,"관리","")))
B71: =IF(H70="잔금", B70+1, B70) -> 24 | C71: 기술자문료_s | D71: 코지건설㈜ | E71: 강변들보람아파트 | F71: 82779450 | H71: 선금 | I71: 46127 | J71: 46113 | O71: =IF(K71="", 0, (G71*1.1)-N71) -> 0 | P71: =P73 -> (예)2026-06-30 | Q71: =IF(OR(K71="",O71=0),"",IF(TODAY()-K71>=91,"장기미수",IF(TODAY()-K71>=31,"관리","")))
B72: =IF(H71="잔금", B71+1, B71) -> 24 | C72: =C71 -> 기술자문료_s | D72: =D71 -> 코지건설㈜ | E72: =E71 -> 강변들보람아파트 | H72: 중도금 | I72: =I71 -> 46127 | J72: =J71 -> 46113 | O72: =IF(K72="", 0, (G72*1.1)-N72) -> 0 | P72: =P73 -> (예)2026-06-30 | Q72: =IF(OR(K72="",O72=0),"",IF(TODAY()-K72>=91,"장기미수",IF(TODAY()-K72>=31,"관리","")))
B73: =IF(H72="잔금", B72+1, B72) -> 24 | C73: =C72 -> 기술자문료_s | D73: =D72 -> 코지건설㈜ | E73: =E72 -> 강변들보람아파트 | G73: =F71-S73 -> 82779450 | H73: 잔금 | I73: =I72 -> 46127 | J73: =J72 -> 46113 | O73: =IF(K73="", 0, (G73*1.1)-N73) -> 0 | P73: (예)2026-06-30 | Q73: =IF(OR(K73="",O73=0),"",IF(TODAY()-K73>=91,"장기미수",IF(TODAY()-K73>=31,"관리","")))
B74: =IF(H73="잔금", B73+1, B73) -> 25 | C74: 기술자문료_s | D74: 코지건설㈜ | E74: 인성마을현대(신갈현대) | F74: 32450000 | H74: 선금 | I74: 46127 | J74: 46107 | O74: =IF(K74="", 0, (G74*1.1)-N74) -> 0 | P74: =P76 -> 46126 | Q74: =IF(OR(K74="",O74=0),"",IF(TODAY()-K74>=91,"장기미수",IF(TODAY()-K74>=31,"관리","")))
B75: =IF(H74="잔금", B74+1, B74) -> 25 | C75: =C74 -> 기술자문료_s | D75: =D74 -> 코지건설㈜ | E75: =E74 -> 인성마을현대(신갈현대) | H75: 중도금 | I75: =I74 -> 46127 | J75: =J74 -> 46107 | O75: =IF(K75="", 0, (G75*1.1)-N75) -> 0 | P75: =P76 -> 46126 | Q75: =IF(OR(K75="",O75=0),"",IF(TODAY()-K75>=91,"장기미수",IF(TODAY()-K75>=31,"관리","")))
B76: =IF(H75="잔금", B75+1, B75) -> 25 | C76: =C75 -> 기술자문료_s | D76: =D75 -> 코지건설㈜ | E76: =E75 -> 인성마을현대(신갈현대) | G76: =F74-S76 -> 32450000 | H76: 잔금 | I76: =I75 -> 46127 | J76: =J75 -> 46107 | O76: =IF(K76="", 0, (G76*1.1)-N76) -> 0 | P76: 46126 | Q76: =IF(OR(K76="",O76=0),"",IF(TODAY()-K76>=91,"장기미수",IF(TODAY()-K76>=31,"관리","")))
B77: =IF(H76="잔금", B76+1, B76) -> 26 | C77: 기술자문료_s | D77: 코지건설㈜ | E77: 신갈신미주아파트 | F77: 57250000 | H77: 선금 | I77: 46128 | J77: 미정 | O77: =IF(K77="", 0, (G77*1.1)-N77) -> 0 | P77: =P79 -> 미정 | Q77: =IF(OR(K77="",O77=0),"",IF(TODAY()-K77>=91,"장기미수",IF(TODAY()-K77>=31,"관리","")))
B78: =IF(H77="잔금", B77+1, B77) -> 26 | C78: =C77 -> 기술자문료_s | D78: =D77 -> 코지건설㈜ | E78: =E77 -> 신갈신미주아파트 | H78: 중도금 | I78: =I77 -> 46128 | J78: =J77 -> 미정 | O78: =IF(K78="", 0, (G78*1.1)-N78) -> 0 | P78: =P79 -> 미정 | Q78: =IF(OR(K78="",O78=0),"",IF(TODAY()-K78>=91,"장기미수",IF(TODAY()-K78>=31,"관리","")))
B79: =IF(H78="잔금", B78+1, B78) -> 26 | C79: =C78 -> 기술자문료_s | D79: =D78 -> 코지건설㈜ | E79: =E78 -> 신갈신미주아파트 | G79: =F77-S79 -> 57250000 | H79: 잔금 | I79: =I78 -> 46128 | J79: =J78 -> 미정 | O79: =IF(K79="", 0, (G79*1.1)-N79) -> 0 | P79: 미정 | Q79: =IF(OR(K79="",O79=0),"",IF(TODAY()-K79>=91,"장기미수",IF(TODAY()-K79>=31,"관리","")))
B80: =IF(H79="잔금", B79+1, B79) -> 27 | C80: 기술자문료_s | D80: 여름건설㈜ | E80: 신성둔촌미소지움아파트 | F80: 9350000 | H80: 선금 | I80: 46160 | J80: 미정 | O80: =IF(K80="", 0, (G80*1.1)-N80) -> 0 | P80: =P82 -> 미정 | Q80: =IF(OR(K80="",O80=0),"",IF(TODAY()-K80>=91,"장기미수",IF(TODAY()-K80>=31,"관리","")))
B81: =IF(H80="잔금", B80+1, B80) -> 27 | C81: =C80 -> 기술자문료_s | D81: =D80 -> 여름건설㈜ | E81: =E80 -> 신성둔촌미소지움아파트 | H81: 중도금 | I81: =I80 -> 46160 | J81: =J80 -> 미정 | O81: =IF(K81="", 0, (G81*1.1)-N81) -> 0 | P81: =P82 -> 미정 | Q81: =IF(OR(K81="",O81=0),"",IF(TODAY()-K81>=91,"장기미수",IF(TODAY()-K81>=31,"관리","")))
B82: =IF(H81="잔금", B81+1, B81) -> 27 | C82: =C81 -> 기술자문료_s | D82: =D81 -> 여름건설㈜ | E82: =E81 -> 신성둔촌미소지움아파트 | G82: =F80-S82 -> 9350000 | H82: 잔금 | I82: =I81 -> 46160 | J82: =J81 -> 미정 | O82: =IF(K82="", 0, (G82*1.1)-N82) -> 0 | P82: 미정 | Q82: =IF(OR(K82="",O82=0),"",IF(TODAY()-K82>=91,"장기미수",IF(TODAY()-K82>=31,"관리","")))
B83: =IF(H82="잔금", B82+1, B82) -> 28 | C83: 기술자문료 | D83: ㈜조광피앤텍 | E83: 해운대비스타동원아파트 | F83: 201100000 | G83: =F83*20% -> 40220000 | H83: 선금 | I83: 46148 | J83: 46162 | O83: =IF(K83="", 0, (G83*1.1)-N83) -> 0 | P83: =P85 -> (예)2026-10-30 | Q83: =IF(OR(K83="",O83=0),"",IF(TODAY()-K83>=91,"장기미수",IF(TODAY()-K83>=31,"관리",""))) | T83: =16500000+27500000+16500000+19800000+27500000 -> 107800000
B84: =IF(H83="잔금", B83+1, B83) -> 28 | C84: =C83 -> 기술자문료 | D84: =D83 -> ㈜조광피앤텍 | E84: =E83 -> 해운대비스타동원아파트 | G84: =F83*40% -> 80440000 | H84: 중도금 | I84: =I83 -> 46148 | J84: =J83 -> 46162 | O84: =IF(K84="", 0, (G84*1.1)-N84) -> 0 | P84: =P85 -> (예)2026-10-30 | Q84: =IF(OR(K84="",O84=0),"",IF(TODAY()-K84>=91,"장기미수",IF(TODAY()-K84>=31,"관리",""))) | T84: 27500000
B85: =IF(H84="잔금", B84+1, B84) -> 28 | C85: =C84 -> 기술자문료 | D85: =D84 -> ㈜조광피앤텍 | E85: =E84 -> 해운대비스타동원아파트 | G85: =F83-G83-G84-S85 -> 80440000 | H85: 잔금 | I85: =I84 -> 46148 | J85: =J84 -> 46162 | O85: =IF(K85="", 0, (G85*1.1)-N85) -> 0 | P85: (예)2026-10-30 | Q85: =IF(OR(K85="",O85=0),"",IF(TODAY()-K85>=91,"장기미수",IF(TODAY()-K85>=31,"관리",""))) | T85: 27500000
B86: =IF(H85="잔금", B85+1, B85) -> 29 | C86: 기술자문료_s | D86: ㈜다산종합건설 | E86: 한강신도시롯데캐슬아파트 | F86: 73802000 | H86: 선금 | I86: 46149 | J86: 46358 | O86: =IF(K86="", 0, (G86*1.1)-N86) -> 0 | P86: =P88 -> 46147 | Q86: =IF(OR(K86="",O86=0),"",IF(TODAY()-K86>=91,"장기미수",IF(TODAY()-K86>=31,"관리","")))
B87: =IF(H86="잔금", B86+1, B86) -> 29 | C87: =C86 -> 기술자문료_s | D87: =D86 -> ㈜다산종합건설 | E87: =E86 -> 한강신도시롯데캐슬아파트 | H87: 중도금 | I87: =I86 -> 46149 | J87: =J86 -> 46358 | O87: =IF(K87="", 0, (G87*1.1)-N87) -> 0 | P87: =P88 -> 46147 | Q87: =IF(OR(K87="",O87=0),"",IF(TODAY()-K87>=91,"장기미수",IF(TODAY()-K87>=31,"관리","")))
B88: =IF(H87="잔금", B87+1, B87) -> 29 | C88: =C87 -> 기술자문료_s | D88: =D87 -> ㈜다산종합건설 | E88: =E87 -> 한강신도시롯데캐슬아파트 | G88: =F86-G86-G87-S88 -> 73802000 | H88: 잔금 | I88: =I87 -> 46149 | J88: =J87 -> 46358 | K88: 46162 | L88: =IF(K88<>"", K88+20, "") -> 46182 | O88: =IF(K88="", 0, (G88*1.1)-N88) -> 81182200 | P88: 46147 | Q88: =IF(OR(K88="",O88=0),"",IF(TODAY()-K88>=91,"장기미수",IF(TODAY()-K88>=31,"관리","")))
B89: =IF(H88="잔금", B88+1, B88) -> 30 | C89: 기술자문료_s | D89: 코지건설㈜ | E89: 수지벽산4단지아파트 | F89: 950000 | H89: 선금 | I89: 46148 | O89: =IF(K89="", 0, (G89*1.1)-N89) -> 0 | P89: =P91 -> 0 | Q89: =IF(OR(K89="",O89=0),"",IF(TODAY()-K89>=91,"장기미수",IF(TODAY()-K89>=31,"관리","")))
B90: =IF(H89="잔금", B89+1, B89) -> 30 | C90: =C89 -> 기술자문료_s | D90: =D89 -> 코지건설㈜ | E90: =E89 -> 수지벽산4단지아파트 | H90: 중도금 | I90: =I89 -> 46148 | J90: =J89 -> 0 | O90: =IF(K90="", 0, (G90*1.1)-N90) -> 0 | P90: =P91 -> 0 | Q90: =IF(OR(K90="",O90=0),"",IF(TODAY()-K90>=91,"장기미수",IF(TODAY()-K90>=31,"관리","")))
B91: =IF(H90="잔금", B90+1, B90) -> 30 | C91: =C90 -> 기술자문료_s | D91: =D90 -> 코지건설㈜ | E91: =E90 -> 수지벽산4단지아파트 | G91: =F89-G89-G90-S91 -> 950000 | H91: 잔금 | I91: =I90 -> 46148 | J91: =J90 -> 0 | O91: =IF(K91="", 0, (G91*1.1)-N91) -> 0 | Q91: =IF(OR(K91="",O91=0),"",IF(TODAY()-K91>=91,"장기미수",IF(TODAY()-K91>=31,"관리","")))
B92: =IF(H91="잔금", B91+1, B91) -> 31 | C92: 기술자문료_s | D92: ㈜도원씨엔씨 | E92: 마곡청구아파트 | F92: 15560000 | H92: 선금 | I92: 46161 | O92: =IF(K92="", 0, (G92*1.1)-N92) -> 0 | P92: =P94 -> 0 | Q92: =IF(OR(K92="",O92=0),"",IF(TODAY()-K92>=91,"장기미수",IF(TODAY()-K92>=31,"관리","")))
B93: =IF(H92="잔금", B92+1, B92) -> 31 | C93: =C92 -> 기술자문료_s | D93: =D92 -> ㈜도원씨엔씨 | E93: =E92 -> 마곡청구아파트 | H93: 중도금 | I93: =I92 -> 46161 | J93: =J92 -> 0 | O93: =IF(K93="", 0, (G93*1.1)-N93) -> 0 | P93: =P94 -> 0 | Q93: =IF(OR(K93="",O93=0),"",IF(TODAY()-K93>=91,"장기미수",IF(TODAY()-K93>=31,"관리","")))
B94: =IF(H93="잔금", B93+1, B93) -> 31 | C94: =C93 -> 기술자문료_s | D94: =D93 -> ㈜도원씨엔씨 | E94: =E93 -> 마곡청구아파트 | G94: =F92-G92-G93-S94 -> 15560000 | H94: 잔금 | I94: =I93 -> 46161 | J94: =J93 -> 0 | O94: =IF(K94="", 0, (G94*1.1)-N94) -> 0 | Q94: =IF(OR(K94="",O94=0),"",IF(TODAY()-K94>=91,"장기미수",IF(TODAY()-K94>=31,"관리","")))
B95: 32 | C95: 기술자문료_s | D95: 여름건설㈜ | E95: 인완산힐스테이트아파트 | F95: 1249500 | G95: 1249500 | H95: 잔금 | I95: 46171 | J95: 46177 | P95: 46207

Sheet 특허료
B1: 순번 | C1: 매출구분 | D1: 업체명 | E1: 현장명 | F1: 낙찰금액(v-) | G1: 특허료 비율 | H1: 자재판매(v-) | I1: 매출액(v-) | J1: 공문발송일 | K1: 매출일 | L1: 입금예정일 | M1: 입금일 | N1: 입금액(v+) | O1: 수금예정액(V+) | P1: 입금지연
B2: 1 | C2: 특허기술자문료 | D2: (주)효덕산업 | E2: 신정현대6차아파트 | F2: 396000000 | G2: 0.01 | H2: 315000 | I2: =(F2*G2)-(H2*50%) -> 3802500 | J2: 45999 | K2: 46027 | L2: =IF(K2<>"", K2+30, "") -> 46057 | M2: 46112 | N2: =I2*1.1 -> 4182750 | O2: =IF(K2="", 0, (I2*1.1)-N2) -> 0 | P2: =IF(OR(K2="",O2=0),"",IF(TODAY()-K2>=91,"장기미수",IF(TODAY()-K2>=31,"입금지연","")))
B3: =IF(E3="","",COUNTA($E$2:E3)) -> 2 | C3: 특허기술자문료 | D3: 석진건설(주) | E3: 포레나광교상현아파트 | F3: 809200000 | G3: 0.01 | H3: 15907900 | I3: =(F3*G3)-(H3*50%) -> 138050 | J3: 46020 | K3: 46028 | L3: =IF(K3<>"", K3+30, "") -> 46058 | M3: 46091 | N3: =I3*1.1 -> 151855 | O3: =IF(K3="", 0, (I3*1.1)-N3) -> 0 | P3: =IF(OR(K3="",O3=0),"",IF(TODAY()-K3>=91,"장기미수",IF(TODAY()-K3>=31,"입금지연","")))
B4: =IF(E4="","",COUNTA($E$2:E4)) -> 3 | C4: 특허기술자문료 | D4: 석진건설(주) | E4: 동탄역더샵센트럴시티2차아파트 | F4: 830000000 | G4: 0.01 | H4: 3249900 | I4: =(F4*G4)-(H4*50%) -> 6675050 | J4: 46020 | K4: 46028 | L4: =IF(K4<>"", K4+30, "") -> 46058 | M4: 46091 | N4: =I4*1.1 -> 7342555 | O4: =IF(K4="", 0, (I4*1.1)-N4) -> 0 | P4: =IF(OR(K4="",O4=0),"",IF(TODAY()-K4>=91,"장기미수",IF(TODAY()-K4>=31,"입금지연","")))
B5: =IF(E5="","",COUNTA($E$2:E5)) -> 4 | C5: 특허기술자문료 | D5: 한별이엔씨(주) | E5: LG원당자이아파트 | F5: 17950000 | G5: 0.01 | H5: 0 | I5: =(F5*G5)-(H5*50%) -> 179500 | J5: 46020 | K5: 46034 | L5: =IF(K5<>"", K5+30, "") -> 46064 | M5: 46037 | N5: =I5*1.1 -> 197450 | O5: =IF(K5="", 0, (I5*1.1)-N5) -> 0 | P5: =IF(OR(K5="",O5=0),"",IF(TODAY()-K5>=91,"장기미수",IF(TODAY()-K5>=31,"입금지연","")))
B6: =IF(E6="","",COUNTA($E$2:E6)) -> 5 | C6: 특허기술자문료 | D6: (주)다산종합건설 | E6: 지행역동원베네스트 | F6: 289800000 | G6: 0.01 | H6: 4840000 | I6: =(F6*G6)-(H6*50%) -> 478000 | J6: 46052 | K6: 46052 | L6: =IF(K6<>"", K6+30, "") -> 46082 | M6: 46059 | N6: =I6*1.1 -> 525800 | O6: =IF(K6="", 0, (I6*1.1)-N6) -> 0 | P6: =IF(OR(K6="",O6=0),"",IF(TODAY()-K6>=91,"장기미수",IF(TODAY()-K6>=31,"입금지연","")))
B7: =IF(E7="","",COUNTA($E$2:E7)) -> 6 | C7: 특허기술자문료 | D7: 주식회사 예은건설 | E7: 천호현대코아아파트 | G7: 0.01 | I7: -883400 | J7: 46048 | K7: 46023 | L7: =IF(K7<>"", K7+30, "") -> 46053 | M7: 46052 | N7: =I7*1.1 -> -971740 | O7: =IF(K7="", 0, (I7*1.1)-N7) -> 0 | P7: =IF(OR(K7="",O7=0),"",IF(TODAY()-K7>=91,"장기미수",IF(TODAY()-K7>=31,"입금지연","")))
B8: =IF(E8="","",COUNTA($E$2:E8)) -> 7 | C8: 특허기술자문료 | D8: 주식회사 삼흥티에스건설 | E8: 협성그린타운아파트 | F8: 245400000 | G8: 0.01 | H8: 2494600 | I8: =(F8*G8)-(H8*50%) -> 1206700 | J8: 46020 | K8: 46058 | L8: =IF(K8<>"", K8+30, "") -> 46088 | M8: 46080 | N8: =I8*1.1 -> 1327370 | O8: =IF(K8="", 0, (I8*1.1)-N8) -> 0 | P8: =IF(OR(K8="",O8=0),"",IF(TODAY()-K8>=91,"장기미수",IF(TODAY()-K8>=31,"입금지연","")))
B9: =IF(E9="","",COUNTA($E$2:E9)) -> 8 | C9: 특허기술자문료 | D9: 동일산건㈜ | E9: 백현마을8단지아파트 | F9: 469000000 | G9: 0.01 | H9: 380000 | I9: =(F9*G9)-(H9*50%) -> 4500000 | J9: 46055 | K9: 46092 | L9: =IF(K9<>"", K9+30, "") -> 46122 | M9: 46127 | N9: =I9*1.1 -> 4950000 | O9: =IF(K9="", 0, (I9*1.1)-N9) -> 0 | P9: =IF(OR(K9="",O9=0),"",IF(TODAY()-K9>=91,"장기미수",IF(TODAY()-K9>=31,"입금지연","")))
B10: =IF(E10="","",COUNTA($E$2:E10)) -> 9 | C10: 특허기술자문료 | D10: 엘케이개발㈜ | E10: 신당삼성아파트 | F10: 325000000 | G10: 0.005 | H10: 1335000 | I10: 1291250 | J10: 46093 | K10: 46094 | L10: =IF(K10<>"", K10+30, "") -> 46124 | M10: 46112 | N10: =I10*1.1 -> 1420375 | O10: =IF(K10="", 0, (I10*1.1)-N10) -> 0 | P10: =IF(OR(K10="",O10=0),"",IF(TODAY()-K10>=91,"장기미수",IF(TODAY()-K10>=31,"입금지연","")))
B11: =IF(E11="","",COUNTA($E$2:E11)) -> 10 | C11: 특허기술자문료 | D11: 코지건설㈜ | E11: 금호두산아파트 | F11: 262800000 | G11: 0.01 | H11: 413000 | I11: =(F11*G11)-(H11*50%) -> 2421500 | J11: 46122 | K11: 46122 | L11: =IF(K11<>"", K11+30, "") -> 46152 | M11: 46127 | N11: =I11*1.1 -> 2663650 | O11: =IF(K11="", 0, (I11*1.1)-N11) -> 0 | P11: =IF(OR(K11="",O11=0),"",IF(TODAY()-K11>=91,"장기미수",IF(TODAY()-K11>=31,"입금지연","")))
B12: =IF(E12="","",COUNTA($E$2:E12)) -> 11 | C12: 특허기술자문료 | D12: (주)지건씨앤씨 | E12: 면목풍림아파트 | F12: 39500000 | G12: 0.01 | H12: 190800 | I12: =(F12*G12)-(H12*50%) -> 299600 | J12: 46020 | K12: 46126 | L12: =IF(K12<>"", K12+30, "") -> 46156 | M12: 46142 | N12: =I12*1.1 -> 329560 | O12: =IF(K12="", 0, (I12*1.1)-N12) -> 0 | P12: =IF(OR(K12="",O12=0),"",IF(TODAY()-K12>=91,"장기미수",IF(TODAY()-K12>=31,"입금지연","")))
B13: =IF(E13="","",COUNTA($E$2:E13)) -> 12 | C13: 특허기술자문료 | D13: (주)무한하우징 | E13: 대림3동현대아파트 | F13: 142000000 | G13: 0.01 | H13: 896000 | I13: =(F13*G13)-(H13*50%) -> 972000 | J13: 46134 | K13: 46134 | L13: =IF(K13<>"", K13+30, "") -> 46164 | M13: 46141 | N13: =I13*1.1 -> 1069200 | O13: =IF(K13="", 0, (I13*1.1)-N13) -> 0 | P13: =IF(OR(K13="",O13=0),"",IF(TODAY()-K13>=91,"장기미수",IF(TODAY()-K13>=31,"입금지연","")))
B14: =IF(E14="","",COUNTA($E$2:E14)) -> 13 | C14: 특허기술자문료 | D14: 천강건설㈜ | E14: 학마을서원아파트 | F14: 46700000 | G14: 0.01 | H14: 0 | I14: =(F14*G14)-(H14*50%) -> 467000 | J14: 46140 | K14: 46141 | L14: =IF(K14<>"", K14+30, "") -> 46171 | M14: 46142 | N14: =I14*1.1 -> 513700 | O14: =IF(K14="", 0, (I14*1.1)-N14) -> 0 | P14: =IF(OR(K14="",O14=0),"",IF(TODAY()-K14>=91,"장기미수",IF(TODAY()-K14>=31,"입금지연","")))
B15: =IF(E15="","",COUNTA($E$2:E15)) -> 14 | C15: 특허기술자문료 | D15: (주)경하이앤씨 | E15: 이천롯데캐슬골드스카이아파트 | F15: 35000000 | G15: 0.01 | H15: 0 | I15: =(F15*G15)-(H15*50%) -> 350000 | J15: 46153 | K15: 46154 | L15: =IF(K15<>"", K15+30, "") -> 46184 | M15: 46154 | N15: =I15*1.1 -> 385000 | O15: =IF(K15="", 0, (I15*1.1)-N15) -> 0 | P15: =IF(OR(K15="",O15=0),"",IF(TODAY()-K15>=91,"장기미수",IF(TODAY()-K15>=31,"입금지연","")))
B16: =IF(E16="","",COUNTA($E$2:E16)) -> 15 | C16: 특허기술자문료 | D16: (주)도원씨엔씨 | E16: 은행마을녹원아파트 | F16: 138000000 | G16: 0.01 | H16: 0 | I16: =(F16*G16)-(H16*50%) -> 1380000 | J16: 46153 | K16: 46154 | L16: =IF(K16<>"", K16+30, "") -> 46184 | O16: =IF(K16="", 0, (I16*1.1)-N16) -> 1518000 | P16: =IF(OR(K16="",O16=0),"",IF(TODAY()-K16>=91,"장기미수",IF(TODAY()-K16>=31,"입금지연","")))
B17: =IF(E17="","",COUNTA($E$2:E17)) -> 16 | C17: 특허기술자문료 | D17: 천강건설㈜ | E17: 미사강변센텀팰리스아파트 | F17: 1024669774 | G17: 0.01 | H17: 4628000 | I17: =(F17*G17)-(H17*50%) -> 7932697.7 | J17: 46155 | K17: 46155 | L17: =IF(K17<>"", K17+30, "") -> 46185 | M17: 46156 | N17: =I17*1.1 -> 8725967.5 | O17: =IF(K17="", 0, (I17*1.1)-N17) -> 0 | P17: =IF(OR(K17="",O17=0),"",IF(TODAY()-K17>=91,"장기미수",IF(TODAY()-K17>=31,"입금지연","")))
B18: =IF(E18="","",COUNTA($E$2:E18)) -> 17 | C18: 특허기술자문료 | D18: 천강건설㈜ | E18: 녹번역센트레빌아파트 | F18: 155000000 | G18: 0.01 | H18: 0 | I18: =(F18*G18)-(H18*50%) -> 1550000 | J18: 46155 | K18: 46157 | L18: =IF(K18<>"", K18+30, "") -> 46187 | M18: 46157 | N18: =I18*1.1 -> 1705000 | O18: =IF(K18="", 0, (I18*1.1)-N18) -> 0 | P18: =IF(OR(K18="",O18=0),"",IF(TODAY()-K18>=91,"장기미수",IF(TODAY()-K18>=31,"입금지연","")))
B19: =IF(E19="","",COUNTA($E$2:E19)) -> 18 | C19: 특허기술자문료 | D19: 삼정아이엔지건설㈜ | E19: 동백역벽산블루밍아파트 | F19: 333400000 | G19: 0.01 | H19: 889500 | I19: =(F19*G19)-(H19*50%) -> 2889250 | J19: 46161 | K19: 46161 | L19: =IF(K19<>"", K19+30, "") -> 46191 | O19: =IF(K19="", 0, (I19*1.1)-N19) -> 3178175 | P19: =IF(OR(K19="",O19=0),"",IF(TODAY()-K19>=91,"장기미수",IF(TODAY()-K19>=31,"입금지연","")))
B20: =IF(E20="","",COUNTA($E$2:E20)) -> 19 | C20: 특허기술자문료 | D20: ㈜효덕산업 | E20: 송도베르디움더퍼스트아파트 | F20: 1102000000 | G20: 0.01 | H20: 2133800 | I20: =(F20*G20)-(H20*50%) -> 9953100 | J20: 46155 | K20: 46169 | L20: =IF(K20<>"", K20+30, "") -> 46199 | O20: =IF(K20="", 0, (I20*1.1)-N20) -> 10948410 | P20: =IF(OR(K20="",O20=0),"",IF(TODAY()-K20>=91,"장기미수",IF(TODAY()-K20>=31,"입금지연","")))
B21: =IF(E21="","",COUNTA($E$2:E21)) -> 20 | C21: 특허기술자문료 | D21: ㈜더원산업개발 | E21: 진달래마을신동아아파트 | I21: =10000000/1.1 -> 9090909.1 | J21: 46170 | K21: 46170 | L21: =IF(K21<>"", K21+30, "") -> 46200 | M21: 46171 | N21: =I21*1.1 -> 10000000 | O21: =IF(K21="", 0, (I21*1.1)-N21) -> 0 | P21: =IF(OR(K21="",O21=0),"",IF(TODAY()-K21>=91,"장기미수",IF(TODAY()-K21>=31,"입금지연","")))
B22: =IF(E22="","",COUNTA($E$2:E22)) -> 21 | C22: 특허기술자문료 | D22: 와이티파트너스㈜ | E22: 하남성원상떼빌아파트 | F22: 135930000 | G22: 0.01 | H22: 2000200 | I22: =(F22*G22)-(H22*50%) -> 359200 | J22: 46168 | K22: 46174 | L22: =IF(K22<>"", K22+30, "") -> 46204 | O22: =IF(K22="", 0, (I22*1.1)-N22) -> 395120 | P22: =IF(OR(K22="",O22=0),"",IF(TODAY()-K22>=91,"장기미수",IF(TODAY()-K22>=31,"입금지연","")))
B23: =IF(E23="","",COUNTA($E$2:E23)) | O23: =IF(K23="", 0, (I23*1.1)-N23) -> 0 | P23: =IF(OR(K23="",O23=0),"",IF(TODAY()-K23>=91,"장기미수",IF(TODAY()-K23>=31,"입금지연","")))
B24: =IF(E24="","",COUNTA($E$2:E24)) | O24: =IF(K24="", 0, (I24*1.1)-N24) -> 0 | P24: =IF(OR(K24="",O24=0),"",IF(TODAY()-K24>=91,"장기미수",IF(TODAY()-K24>=31,"입금지연","")))
B25: =IF(E25="","",COUNTA($E$2:E25)) | O25: =IF(K25="", 0, (I25*1.1)-N25) -> 0 | P25: =IF(OR(K25="",O25=0),"",IF(TODAY()-K25>=91,"장기미수",IF(TODAY()-K25>=31,"입금지연","")))

Sheet 자재판매
A1: 매출일 | B1: 승인번호 | C1: 발급일자 | D1: 전송일자 | E1: 공급자사업자등록번호 | F1: 종사업장번호 | G1: 상호 | H1: 대표자명 | I1: 주소 | J1: 공급받는자사업자등록번호 | K1: 종사업장번호 | L1: 업체명 | M1: 대표자명 | N1: 주소 | O1: 합계금액 | P1: 매출액(v-) | Q1: 세액 | R1: 전자세금계산서분류 | T1: 발급유형 | U1: 비고 | V1: 영수/청구 구분 | W1: 공급자 이메일 | X1: 공급받는자 이메일1 | Y1: 공급받는자 이메일2 | Z1: 품목일자 | AA1: 품목명 | AB1: 품목규격 | AC1: 품목수량 | AD1: 품목단가 | AE1: 품목공급가액 | AF1: 품목세액 | AG1: 현장명 | AH1: 입금예정일 | AI1: 입금일 | AJ1: 입금액(v+) | AK1: 수금예정액(V+) | AL1: 입금지연 | AM1: 브랜드 | AN1: 예외여부 | AO1: 예외사유
A2: 2026-01-05 | B2: 20260105-10260105-90287761 | C2: 2026-01-05 | D2: 2026-01-05 | E2: 403-81-84528 | G2: 주식회사 넷폼알앤디(NETFORM R&D Corp.) | H2: 이승우 | I2: 경기도 오산시 서동로 77, 1층,3층(서동) | J2: 416-81-21999 | L2: (주)부영씨엔씨 | M2: 정동진 | N2: 서울특별시 광진구 자양동 784-1 대동상가동 107 | O2: 28800200 | P2: 26182000 | Q2: 2618200 | R2: 세금계산서 | T2: 인터넷발급 | U2: 기업은행 468-084895-04-017 넷폼알앤디 | V2: 청구 | W2: netform@netformrnd.com | X2: booyoung458@hanmail.net | Z2: 2026-01-05 | AA2: 자재대금 | AC2: 1 | AD2: 26,182,000 | AE2: 26182000 | AF2: 2618200 | AG2: 잠실리센츠 | AH2: =IF(A2<>"", A2+40, "") -> 46067 | AI2: 46092 | AJ2: =P2*1.1 -> 28800200 | AK2: =IF(A2="", 0, (P2*1.1)-AJ2) -> 0 | AL2: =IF(OR(A2="",AK2=0),"",IF(TODAY()-A2>=91,"장기미수",IF(TODAY()-A2>=41,"관리","")))
A3: 2026-01-05 | B3: 20260105-10260105-90284342 | C3: 2026-01-05 | D3: 2026-01-05 | E3: 403-81-84528 | G3: 주식회사 넷폼알앤디(NETFORM R&D Corp.) | H3: 이승우 | I3: 경기도 오산시 서동로 77, 1층,3층(서동) | J3: 579-87-01622 | L3: (주)에이치제이건설 | M3: 노옥분 | N3: 경상남도 양산시 물금읍 야리3길 34, 부광타워 607 | O3: 1210000 | P3: 1100000 | Q3: 110000 | R3: 세금계산서 | T3: 인터넷발급 | U3: 기업은행 468-084895-04-017 넷폼알앤디 | V3: 청구 | W3: netform@netformrnd.com | X3: hj202002@naver.com | Z3: 2026-01-05 | AA3: 자재대금 | AC3: 1 | AD3: 1,100,000 | AE3: 1100000 | AF3: 110000 | AG3: 양산유탑유블레스 | AH3: =IF(A3<>"", A3+40, "") -> 46067 | AI3: 46112 | AJ3: =P3*1.1 -> 1210000 | AK3: =IF(A3="", 0, (P3*1.1)-AJ3) -> 0 | AL3: =IF(OR(A3="",AK3=0),"",IF(TODAY()-A3>=91,"장기미수",IF(TODAY()-A3>=41,"관리","")))
A4: 2026-01-06 | B4: 20260106-10260106-92182686 | C4: 2026-01-06 | D4: 2026-01-06 | E4: 403-81-84528 | G4: 주식회사 넷폼알앤디(NETFORM R&D Corp.) | H4: 이승우 | I4: 경기도 오산시 서동로 77, 1층,3층(서동) | J4: 416-81-21999 | L4: (주)부영씨엔씨 | M4: 정동진 | N4: 서울특별시 광진구 자양동 784-1 대동상가동 107 | O4: 878900 | P4: 799000 | Q4: 79900 | R4: 세금계산서 | T4: 인터넷발급 | U4: 기업은행 468-084895-04-017 넷폼알앤디 | V4: 청구 | W4: netform@netformrnd.com | X4: booyoung458@hanmail.net | Z4: 2026-01-06 | AA4: 자재대금 | AC4: 1 | AD4: 799,000 | AE4: 799000 | AF4: 79900 | AG4: 잠실리센츠 | AH4: =IF(A4<>"", A4+40, "") -> 46068 | AI4: 46045 | AJ4: =P4*1.1 -> 878900 | AK4: =IF(A4="", 0, (P4*1.1)-AJ4) -> 0 | AL4: =IF(OR(A4="",AK4=0),"",IF(TODAY()-A4>=91,"장기미수",IF(TODAY()-A4>=41,"관리","")))
A5: 2026-01-06 | B5: 20260106-10260106-91528242 | C5: 2026-01-06 | D5: 2026-01-06 | E5: 403-81-84528 | G5: 주식회사 넷폼알앤디(NETFORM R&D Corp.) | H5: 이승우 | I5: 경기도 오산시 서동로 77, 1층,3층(서동) | J5: 607-81-44583 | L5: (주)대한진단건설 | M5: 이헌재 | N5: 부산광역시 동래구 사직북로63번길 55 | O5: 3773000 | P5: 3430000 | Q5: 343000 | R5: 세금계산서 | T5: 인터넷발급 | U5: 기업은행 468-084895-04-017 넷폼알앤디 | V5: 청구 | W5: netform@netformrnd.com | X5: daehan0404@nate.com | Z5: 2026-01-06 | AA5: 자재대금 | AC5: 1 | AD5: 3,430,000 | AE5: 3430000 | AF5: 343000 | AG5: 더샵센텀파크1차 | AH5: =IF(A5<>"", A5+40, "") -> 46068 | AI5: 46052 | AJ5: =P5*1.1 -> 3773000 | AK5: =IF(A5="", 0, (P5*1.1)-AJ5) -> 0 | AL5: =IF(OR(A5="",AK5=0),"",IF(TODAY()-A5>=91,"장기미수",IF(TODAY()-A5>=41,"관리","")))
A6: 2026-01-08 | B6: 20260108-10260108-95917215 | C6: 2026-01-08 | D6: 2026-01-08 | E6: 403-81-84528 | G6: 주식회사 넷폼알앤디(NETFORM R&D Corp.) | H6: 이승우 | I6: 경기도 오산시 서동로 77, 1층,3층(서동) | J6: 408-81-67484 | L6: 정광이엔씨 | M6: 박성배 | N6: 서울특별시 광진구 뚝섬로31길 11(자양동,2층) | O6: 580800 | P6: 528000 | Q6: 52800 | R6: 세금계산서 | S6: 일반 | T6: 인터넷발급 | U6: 기업은행 468-084895-04-017 넷폼알앤디 | V6: 청구 | W6: netform@netformrnd.com | X6: jungyoon0343@hanmail.net | Z6: 2026-01-08 | AA6: 자재대금 | AC6: 1 | AD6: 528,000 | AE6: 528000 | AF6: 52800 | AG6: 경동안성공도만정626 | AH6: =IF(A6<>"", A6+40, "") -> 46070 | AI6: 46122 | AJ6: =P6*1.1 -> 580800 | AK6: =IF(A6="", 0, (P6*1.1)-AJ6) -> 0 | AL6: =IF(OR(A6="",AK6=0),"",IF(TODAY()-A6>=91,"장기미수",IF(TODAY()-A6>=41,"관리","")))
A7: 2026-01-12 | B7: 20260112-10260112-11223034 | C7: 2026-01-12 | D7: 2026-01-12 | E7: 403-81-84528 | G7: 주식회사 넷폼알앤디(NETFORM R&D Corp.) | H7: 이승우 | I7: 경기도 오산시 서동로 77, 1층,3층(서동) | J7: 416-81-21999 | L7: (주)부영씨엔씨 | M7: 정동진 | N7: 서울특별시 광진구 자양동 784-1 대동상가동 107 | O7: 638000 | P7: 580000 | Q7: 58000 | R7: 세금계산서 | S7: 일반 | T7: 인터넷발급 | U7: 기업은행 468-084895-04-017 넷폼알앤디 | V7: 청구 | W7: netform@netformrnd.com | X7: booyoung458@hanmail.net | Z7: 2026-01-12 | AA7: 자재대금 | AC7: 1 | AD7: 580,000 | AE7: 580000 | AF7: 58000 | AG7: 잠실리센츠 | AH7: =IF(A7<>"", A7+40, "") -> 46074 | AI7: 46045 | AJ7: =P7*1.1 -> 638000 | AK7: =IF(A7="", 0, (P7*1.1)-AJ7) -> 0 | AL7: =IF(OR(A7="",AK7=0),"",IF(TODAY()-A7>=91,"장기미수",IF(TODAY()-A7>=41,"관리","")))
A8: 2026-01-12 | B8: 20260112-10260112-12028623 | C8: 2026-01-12 | D8: 2026-01-12 | E8: 403-81-84528 | G8: 주식회사 넷폼알앤디(NETFORM R&D Corp.) | H8: 이승우 | I8: 경기도 오산시 서동로 77, 1층,3층(서동) | J8: 416-81-21999 | L8: (주)부영씨엔씨 | M8: 정동진 | N8: 서울특별시 광진구 자양동 784-1 대동상가동 107 | O8: 2420000 | P8: 2200000 | Q8: 220000 | R8: 세금계산서 | S8: 일반 | T8: 인터넷발급 | V8: 청구 | W8: netform@netformrnd.com | X8: booyoung458@hanmail.net | Z8: 2026-01-12 | AA8: 자재대금 | AC8: 1 | AD8: 2,200,000 | AE8: 2200000 | AF8: 220000 | AG8: 잠실리센츠 | AH8: =IF(A8<>"", A8+40, "") -> 46074 | AK8: =IF(A8="", 0, (P8*1.1)-AJ8) -> 2420000 | AO8: 5월 11일 마이너스 계산서 처리 완료
A9: 2026-01-12 | B9: 20260112-10260112-11195109 | C9: 2026-01-12 | D9: 2026-01-12 | E9: 403-81-84528 | G9: 주식회사 넷폼알앤디(NETFORM R&D Corp.) | H9: 이승우 | I9: 경기도 오산시 서동로 77, 1층,3층(서동) | J9: 585-87-02174 | L9: 천강건설(주) | M9: 임창석 | N9: 경기도 부천시 중동로 420번길 31-4, 1층일부(삼정동) | O9: 3759800 | P9: 3418000 | Q9: 341800 | R9: 세금계산서 | S9: 일반 | T9: 인터넷발급 | U9: 기업은행 468-084895-04-017 넷폼알앤디 | V9: 청구 | W9: netform@netformrnd.com | X9: 1000kangk@naver.com | Z9: 2026-01-12 | AA9: 자재대금 | AC9: 1 | AD9: 3,418,000 | AE9: 3418000 | AF9: 341800 | AG9: 미사강변샌텀팰리스 | AH9: =IF(A9<>"", A9+40, "") -> 46074 | AI9: 46034 | AJ9: =P9*1.1 -> 3759800 | AK9: =IF(A9="", 0, (P9*1.1)-AJ9) -> 0 | AL9: =IF(OR(A9="",AK9=0),"",IF(TODAY()-A9>=91,"장기미수",IF(TODAY()-A9>=41,"관리","")))
A10: 2026-01-14 | B10: 20260114-10260114-13947054 | C10: 2026-01-14 | D10: 2026-01-14 | E10: 403-81-84528 | G10: 주식회사 넷폼알앤디(NETFORM R&D Corp.) | H10: 이승우 | I10: 경기도 오산시 서동로 77, 1층,3층(서동) | J10: 607-81-61243 | L10: (주)일성기업 | M10: 천상우 | N10: 부산광역시 동래구 반송로 317 | O10: 546150 | P10: 496500 | Q10: 49650 | R10: 세금계산서 | S10: 일반 | T10: 인터넷발급 | U10: 기업은행 468-084895-04-017 넷폼알앤디 | V10: 청구 | W10: netform@netformrnd.com | X10: ilsung7704@naver.com | Z10: 2026-01-14 | AA10: 자재대금 | AC10: 1 | AD10: 496,500 | AE10: 496500 | AF10: 49650 | AG10: 대연경동메르빌 | AH10: =IF(A10<>"", A10+40, "") -> 46076 | AI10: 46036 | AJ10: =P10*1.1 -> 546150 | AK10: =IF(A10="", 0, (P10*1.1)-AJ10) -> 0 | AL10: =IF(OR(A10="",AK10=0),"",IF(TODAY()-A10>=91,"장기미수",IF(TODAY()-A10>=41,"관리","")))
A11: 2026-01-16 | B11: 20260116-10260116-15037901 | C11: 2026-01-16 | D11: 2026-01-16 | E11: 403-81-84528 | G11: 주식회사 넷폼알앤디(NETFORM R&D Corp.) | H11: 이승우 | I11: 경기도 오산시 서동로 77, 1층,3층(서동) | J11: 207-81-45460 | L11: (주)국제특수건설 | M11: 차희남 | N11: 서울특별시 강서구 화곡로68길821203(등촌동,강서아이티밸리) | O11: 308000 | P11: 280000 | Q11: 28000 | R11: 세금계산서 | S11: 일반 | T11: 인터넷발급 | V11: 청구 | W11: netform@netformrnd.com | X11: kukjesc@daum.net | Z11: 2026-01-16 | AA11: 자재대금 | AC11: 1 | AE11: 280000 | AF11: 28000 | AG11: 등촌임광그린 | AH11: =IF(A11<>"", A11+40, "") -> 46078 | AI11: 46136 | AJ11: =P11*1.1 -> 308000 | AK11: =IF(A11="", 0, (P11*1.1)-AJ11) -> 0 | AL11: =IF(OR(A11="",AK11=0),"",IF(TODAY()-A11>=91,"장기미수",IF(TODAY()-A11>=41,"관리","")))
A12: 2026-01-16 | B12: 20260116-10260116-14950351 | C12: 2026-01-16 | D12: 2026-01-16 | E12: 403-81-84528 | G12: 주식회사 넷폼알앤디(NETFORM R&D Corp.) | H12: 이승우 | I12: 경기도 오산시 서동로 77, 1층,3층(서동) | J12: 229-81-16058 | L12: 동일산건(주) | M12: 최철진 | N12: 서울특별시 서초구 논현로 49, 2층 | O12: 418000 | P12: 380000 | Q12: 38000 | R12: 세금계산서 | S12: 일반 | T12: 인터넷발급 | U12: 기업은행 468-084895-04-017 넷폼알앤디 | V12: 청구 | W12: netform@netformrnd.com | X12: 5796488@daum.net | Z12: 2026-01-16 | AA12: 자재대금 | AC12: 1 | AD12: 380,000 | AE12: 380000 | AF12: 38000 | AG12: 백현마을8단지 | AH12: =IF(A12<>"", A12+40, "") -> 46078 | AI12: 46038 | AJ12: =P12*1.1 -> 418000 | AK12: =IF(A12="", 0, (P12*1.1)-AJ12) -> 0 | AL12: =IF(OR(A12="",AK12=0),"",IF(TODAY()-A12>=91,"장기미수",IF(TODAY()-A12>=41,"관리","")))
A13: 2026-01-20 | B13: 20260120-10260121-17365075 | C13: 2026-01-21 | D13: 2026-01-21 | E13: 403-81-84528 | G13: 주식회사 넷폼알앤디(NETFORM R&D Corp.) | H13: 이승우 | I13: 경기도 오산시 서동로 77, 1층,3층(서동) | J13: 416-81-21999 | L13: (주)부영씨엔씨 | M13: 정동진 | N13: 서울특별시 광진구 자양동 784-1 대동상가동 107 | O13: 40497600 | P13: 36816000 | Q13: 3681600 | R13: 수정세금계산서 | S13: 일반(수정) | T13: 인터넷발급 | U13: 당초 승인번호 (20260120-10260120-16835825) | V13: 청구 | W13: netform@netformrnd.com | X13: booyoung458@hanmail.net | Z13: 2026-01-20 | AA13: 자재대금 | AC13: 1 | AD13: 36,816,000 | AE13: 36816000 | AF13: 3681600 | AG13: 잠실리센츠 | AH13: =IF(A13<>"", A13+40, "") -> 46082 | AI13: 46112 | AJ13: =P13*1.1 -> 40497600 | AK13: =IF(A13="", 0, (P13*1.1)-AJ13) -> 0 | AL13: =IF(OR(A13="",AK13=0),"",IF(TODAY()-A13>=91,"장기미수",IF(TODAY()-A13>=41,"관리","")))
A14: 2026-01-20 | B14: 20260120-10260120-16575567 | C14: 2026-01-20 | D14: 2026-01-20 | E14: 403-81-84528 | G14: 주식회사 넷폼알앤디(NETFORM R&D Corp.) | H14: 이승우 | I14: 경기도 오산시 서동로 77, 1층,3층(서동) | J14: 416-81-21999 | L14: (주)부영씨엔씨 | M14: 정동진 | N14: 서울특별시 광진구 자양동 784-1 대동상가동 107 | O14: 8129000 | P14: 7390000 | Q14: 739000 | R14: 세금계산서 | S14: 일반 | T14: 인터넷발급 | U14: *기업은행 468-084895-04-017 넷폼알앤디 | V14: 청구 | W14: netform@netformrnd.com | X14: booyoung458@hanmail.net | Z14: 2026-01-20 | AA14: 자재대금 | AC14: 1 | AD14: 7,390,000 | AE14: 7390000 | AF14: 739000 | AG14: 잠실리센츠 | AH14: =IF(A14<>"", A14+40, "") -> 46082 | AI14: 46092 | AJ14: =P14*1.1 -> 8129000 | AK14: =IF(A14="", 0, (P14*1.1)-AJ14) -> 0 | AL14: =IF(OR(A14="",AK14=0),"",IF(TODAY()-A14>=91,"장기미수",IF(TODAY()-A14>=41,"관리","")))
A15: 2026-01-22 | B15: 20260122-10260122-18154458 | C15: 2026-01-22 | D15: 2026-01-22 | E15: 403-81-84528 | G15: 주식회사 넷폼알앤디(NETFORM R&D Corp.) | H15: 이승우 | I15: 경기도 오산시 서동로 77, 1층,3층(서동) | J15: 416-81-21999 | L15: (주)부영씨엔씨 | M15: 정동진 | N15: 서울특별시 광진구 자양동 784-1 대동상가동 107 | O15: 62447000 | P15: 56770000 | Q15: 5677000 | R15: 수정세금계산서 | S15: 일반(수정) | T15: 인터넷발급 | U15: 당초 승인번호 (20260122-10260122-18064422) | V15: 청구 | W15: netform@netformrnd.com | X15: booyoung458@hanmail.net | Z15: 2026-01-22 | AA15: 자재대금 | AC15: 1 | AD15: 56,770,000 | AE15: 56770000 | AF15: 5677000 | AG15: 잠실리센츠 | AH15: =IF(A15<>"", A15+40, "") -> 46084 | AI15: 46112 | AJ15: =P15*1.1 -> 62447000 | AK15: =IF(A15="", 0, (P15*1.1)-AJ15) -> 0 | AL15: =IF(OR(A15="",AK15=0),"",IF(TODAY()-A15>=91,"장기미수",IF(TODAY()-A15>=41,"관리","")))
A16: 2026-01-22 | B16: 20260122-10260122-18066632 | C16: 2026-01-22 | D16: 2026-01-22 | E16: 403-81-84528 | G16: 주식회사 넷폼알앤디(NETFORM R&D Corp.) | H16: 이승우 | I16: 경기도 오산시 서동로 77, 1층,3층(서동) | J16: 410-81-24440 | L16: 삼우건설(주) | M16: 김계환 | N16: 광주광역시 서구 경열로 70, 4층(농성동) | O16: 353100 | P16: 321000 | Q16: 32100 | R16: 세금계산서 | S16: 일반 | T16: 인터넷발급 | U16: 기업은행 468-084895-04-017 넷폼알앤디 | V16: 청구 | W16: netform@netformrnd.com | X16: samwoo2019@daum.net | Z16: 2026-01-22 | AA16: 자재대금 | AC16: 1 | AD16: 321,000 | AE16: 321000 | AF16: 32100 | AG16: 광주남구송하로492 | AH16: =IF(A16<>"", A16+40, "") -> 46084 | AI16: 46048 | AJ16: =P16*1.1 -> 353100 | AK16: =IF(A16="", 0, (P16*1.1)-AJ16) -> 0 | AL16: =IF(OR(A16="",AK16=0),"",IF(TODAY()-A16>=91,"장기미수",IF(TODAY()-A16>=41,"관리","")))
A17: 2026-01-26 | B17: 20260126-10260126-19771716 | C17: 2026-01-26 | D17: 2026-01-26 | E17: 403-81-84528 | G17: 주식회사 넷폼알앤디(NETFORM R&D Corp.) | H17: 이승우 | I17: 경기도 오산시 서동로 77, 1층,3층(서동) | J17: 416-81-21999 | L17: (주)부영씨엔씨 | M17: 정동진 | N17: 서울특별시 광진구 자양동 784-1 대동상가동 107 | O17: 5262400 | P17: 4784000 | Q17: 478400 | R17: 세금계산서 | S17: 일반 | T17: 인터넷발급 | U17: *기업은행 468-084895-04-017 넷폼알앤디 | V17: 청구 | W17: netform@netformrnd.com | X17: booyoung458@hanmail.net | Z17: 2026-01-26 | AA17: 자재대금 | AC17: 1 | AD17: 4,784,000 | AE17: 4784000 | AF17: 478400 | AG17: 잠실리센츠 | AH17: =IF(A17<>"", A17+40, "") -> 46088 | AI17: 46112 | AJ17: =P17*1.1 -> 5262400 | AK17: =IF(A17="", 0, (P17*1.1)-AJ17) -> 0 | AL17: =IF(OR(A17="",AK17=0),"",IF(TODAY()-A17>=91,"장기미수",IF(TODAY()-A17>=41,"관리","")))
A18: 2026-01-26 | B18: 20260126-10260126-19753258 | C18: 2026-01-26 | D18: 2026-01-26 | E18: 403-81-84528 | G18: 주식회사 넷폼알앤디(NETFORM R&D Corp.) | H18: 이승우 | I18: 경기도 오산시 서동로 77, 1층,3층(서동) | J18: 748-81-01658 | L18: (주)은성이엔씨 | M18: 최민혁 | N18: 경상남도 창원시 마산회원구 합성남3길 21, 405호, 406호(합성동, KS빌딩) | O18: 16892150 | P18: 15356500 | Q18: 1535650 | R18: 세금계산서 | S18: 일반 | T18: 인터넷발급 | U18: 기업은행 468-084895-04-017 넷폼알앤디 | V18: 청구 | W18: netform@netformrnd.com | X18: en7704@naver.com | Z18: 2026-01-26 | AA18: 자재대금 | AC18: 1 | AD18: 15,356,500 | AE18: 15356500 | AF18: 1535650 | AG18: 노형뜨란채 | AH18: =IF(A18<>"", A18+40, "") -> 46088 | AI18: 46063 | AJ18: =P18*1.1 -> 16892150 | AK18: =IF(A18="", 0, (P18*1.1)-AJ18) -> 0 | AL18: =IF(OR(A18="",AK18=0),"",IF(TODAY()-A18>=91,"장기미수",IF(TODAY()-A18>=41,"관리","")))
A19: 2026-01-29 | B19: 20260129-10260129-22789270 | C19: 2026-01-29 | D19: 2026-01-29 | E19: 403-81-84528 | G19: 주식회사 넷폼알앤디(NETFORM R&D Corp.) | H19: 이승우 | I19: 경기도 오산시 서동로 77, 1층,3층(서동) | J19: 416-81-21999 | L19: (주)부영씨엔씨 | M19: 정동진 | N19: 서울특별시 광진구 자양동 784-1 대동상가동 107 | O19: 18975000 | P19: 17250000 | Q19: 1725000 | R19: 세금계산서 | S19: 일반 | T19: 인터넷발급 | U19: 기업은행 468-084895-04-017 넷폼알앤디 | V19: 청구 | W19: netform@netformrnd.com | X19: booyoung458@hanmail.net | Z19: 2026-01-29 | AA19: 자재대금 | AC19: 1 | AD19: 17,250,000 | AE19: 17250000 | AF19: 1725000 | AG19: 잠실리센츠 | AH19: =IF(A19<>"", A19+40, "") -> 46091 | AI19: 46112 | AJ19: =P19*1.1 -> 18975000 | AK19: =IF(A19="", 0, (P19*1.1)-AJ19) -> 0 | AL19: =IF(OR(A19="",AK19=0),"",IF(TODAY()-A19>=91,"장기미수",IF(TODAY()-A19>=41,"관리","")))
A20: 2026-01-29 | B20: 20260129-10260129-23053687 | C20: 2026-01-29 | D20: 2026-01-29 | E20: 403-81-84528 | G20: 주식회사 넷폼알앤디(NETFORM R&D Corp.) | H20: 이승우 | I20: 경기도 오산시 서동로 77, 1층,3층(서동) | J20: 416-81-21999 | L20: (주)부영씨엔씨 | M20: 정동진 | N20: 서울특별시 광진구 자양동 784-1 대동상가동 107 | O20: 6325000 | P20: 5750000 | Q20: 575000 | R20: 세금계산서 | S20: 일반 | T20: 인터넷발급 | U20: 기업은행 468-084895-04-017 넷폼알앤디 | V20: 청구 | W20: netform@netformrnd.com | X20: booyoung458@hanmail.net | Z20: 2026-01-29 | AA20: 자재대금 | AC20: 1 | AD20: 5,750,000 | AE20: 5750000 | AF20: 575000 | AG20: 잠실리센츠 | AH20: =IF(A20<>"", A20+40, "") -> 46091 | AI20: 46112 | AJ20: =P20*1.1 -> 6325000 | AK20: =IF(A20="", 0, (P20*1.1)-AJ20) -> 0 | AL20: =IF(OR(A20="",AK20=0),"",IF(TODAY()-A20>=91,"장기미수",IF(TODAY()-A20>=41,"관리","")))
A21: 2026-01-30 | L21: 엘케이개발㈜ | P21: -3943480 | AG21: 원주호반베르디움2차 | AI21: 46064 | AJ21: =P21*1.1 -> -4337828 | AK21: =IF(A21="", 0, (P21*1.1)-AJ21) -> 0 | AL21: =IF(OR(A21="",AK21=0),"",IF(TODAY()-A21>=91,"장기미수",IF(TODAY()-A21>=41,"관리","")))
A22: 2026-02-02 | B22: 20260202-10260202-26895369 | C22: 2026-02-02 | D22: 2026-02-02 | E22: 403-81-84528 | G22: 주식회사 넷폼알앤디(NETFORM R&D Corp.) | H22: 이승우 | I22: 경기도 오산시 서동로 77, 1층,3층(서동) | J22: 283-16-01279 | L22: 샛별종합관리 | M22: 김성관 | N22: 경기도 수원시 장안구 상률로 12번길 28, 201동 806호 | O22: 254100 | P22: 231000 | Q22: 23100 | R22: 세금계산서 | S22: 일반 | T22: 인터넷발급 | U22: 기업은행 468-084895-04-017 넷폼알앤디 | V22: 청구 | W22: netform@netformrnd.com | X22: ksgjuan@naver.com | Z22: 2026-02-02 | AA22: 자재대금 | AC22: 1 | AD22: 231,000 | AE22: 231000 | AF22: 23100 | AG22: 본사방문 | AH22: =IF(A22<>"", A22+40, "") -> 46095 | AI22: 46055 | AJ22: =P22*1.1 -> 254100 | AK22: =IF(A22="", 0, (P22*1.1)-AJ22) -> 0 | AL22: =IF(OR(A22="",AK22=0),"",IF(TODAY()-A22>=91,"장기미수",IF(TODAY()-A22>=41,"관리","")))
A23: 2026-02-02 | B23: 20260202-10260202-26433456 | C23: 2026-02-02 | D23: 2026-02-02 | E23: 403-81-84528 | G23: 주식회사 넷폼알앤디(NETFORM R&D Corp.) | H23: 이승우 | I23: 경기도 오산시 서동로 77, 1층,3층(서동) | J23: 509-88-01993 | L23: 코지건설(주) | M23: 이지훈 | N23: 경기도 수원시 팔달구 수성로 92, 2층 203호(화서동, 농민회관) | O23: 240900 | P23: 219000 | Q23: 21900 | R23: 세금계산서 | S23: 일반 | T23: 인터넷발급 | U23: *기업은행 468-084895-04-017 넷폼알앤디 | V23: 청구 | W23: netform@netformrnd.com | X23: cozy2024@naver.com | Z23: 2026-02-02 | AA23: 자재대금 | AC23: 1 | AD23: 219,000 | AE23: 219000 | AF23: 21900 | AG23: 수림1차 | AH23: =IF(A23<>"", A23+40, "") -> 46095 | AI23: 46112 | AJ23: =P23*1.1 -> 240900 | AK23: =IF(A23="", 0, (P23*1.1)-AJ23) -> 0 | AL23: =IF(OR(A23="",AK23=0),"",IF(TODAY()-A23>=91,"장기미수",IF(TODAY()-A23>=41,"관리",""))) | AM23: OBM
A24: 2026-02-03 | B24: 20260203-10260203-28553332 | C24: 2026-02-03 | D24: 2026-02-03 | E24: 403-81-84528 | G24: 주식회사 넷폼알앤디(NETFORM R&D Corp.) | H24: 이승우 | I24: 경기도 오산시 서동로 77, 1층,3층(서동) | J24: 662-88-01974 | L24: (주)케이원씨앤씨 | M24: 주용근 | N24: 경남 창원시 의창구 평산로 159번길 3,2층 201호 (서상동) | O24: 475200 | P24: 432000 | Q24: 43200 | R24: 세금계산서 | S24: 일반 | T24: 인터넷발급 | U24: 기업은행 468-084895-04-017 넷폼알앤디 | V24: 청구 | W24: netform@netformrnd.com | X24: k1cnc@naver.com | Z24: 2026-02-03 | AA24: 자재대금 | AC24: 1 | AD24: 432,000 | AE24: 432000 | AF24: 43200 | AG24: 창원지하 | AH24: =IF(A24<>"", A24+40, "") -> 46096 | AI24: 46057 | AJ24: =P24*1.1 -> 475200 | AK24: =IF(A24="", 0, (P24*1.1)-AJ24) -> 0 | AL24: =IF(OR(A24="",AK24=0),"",IF(TODAY()-A24>=91,"장기미수",IF(TODAY()-A24>=41,"관리","")))
A25: 2026-02-09 | L25: (주)대한진단건설 | P25: 2627900 | AG25: 진영자이아파트 | AH25: =IF(A25<>"", A25+40, "") -> 46102 | AI25: 46142 | AJ25: =P25*1.1 -> 2890690 | AK25: =IF(A25="", 0, (P25*1.1)-AJ25) -> 0 | AL25: =IF(OR(A25="",AK25=0),"",IF(TODAY()-A25>=91,"장기미수",IF(TODAY()-A25>=41,"관리","")))
A26: 2026-02-09 | L26: 천강건설(주) | P26: 1210000 | AG26: 미사강변센텀팰리스 | AH26: =IF(A26<>"", A26+40, "") -> 46102 | AI26: 46062 | AJ26: =P26*1.1 -> 1331000 | AK26: =(P26*1.1)-AJ26 -> 0 | AL26: =IF(OR(A26="",AK26=0),"",IF(TODAY()-A26>=91,"장기미수",IF(TODAY()-A26>=41,"관리","")))
A27: 2026-02-10 | L27: (주)대한진단건설 | P27: 216000 | AG27: 더샵센텀파크1차 | AH27: =IF(A27<>"", A27+40, "") -> 46103 | AI27: 46142 | AJ27: =P27*1.1 -> 237600 | AK27: =(P27*1.1)-AJ27 -> 0 | AL27: =IF(OR(A27="",AK27=0),"",IF(TODAY()-A27>=91,"장기미수",IF(TODAY()-A27>=41,"관리","")))
A28: 2026-02-10 | L28: (주)이음건설 | P28: 154300 | AG28: 성남메트로칸 | AH28: =IF(A28<>"", A28+40, "") -> 46103 | AI28: 46065 | AJ28: =P28*1.1 -> 169730 | AK28: =(P28*1.1)-AJ28 -> 0 | AL28: =IF(OR(A28="",AK28=0),"",IF(TODAY()-A28>=91,"장기미수",IF(TODAY()-A28>=41,"관리","")))
A29: 2026-02-11 | L29: (주)대한진단건설 | P29: 1138000 | AG29: 진영자이아파트 | AH29: =IF(A29<>"", A29+40, "") -> 46104 | AI29: 46142 | AJ29: =P29*1.1 -> 1251800 | AK29: =(P29*1.1)-AJ29 -> 0 | AL29: =IF(OR(A29="",AK29=0),"",IF(TODAY()-A29>=91,"장기미수",IF(TODAY()-A29>=41,"관리","")))
A30: 2026-02-11 | L30: (주)대한진단건설 | P30: 11632500 | AG30: 무동센텀파라디아 | AH30: =IF(A30<>"", A30+40, "") -> 46104 | AI30: 46142 | AJ30: =P30*1.1 -> 12795750 | AK30: =(P30*1.1)-AJ30 -> 0 | AL30: =IF(OR(A30="",AK30=0),"",IF(TODAY()-A30>=91,"장기미수",IF(TODAY()-A30>=41,"관리","")))
A31: 2026-02-12 | L31: (주)부영씨엔씨 | P31: 7390000 | AG31: 잠실리센츠 | AH31: =IF(A31<>"", A31+40, "") -> 46105 | AK31: =(P31*1.1)-AJ31 -> 8129000 | AL31: =IF(OR(A31="",AK31=0),"",IF(TODAY()-A31>=91,"장기미수",IF(TODAY()-A31>=41,"관리",""))) -> 장기미수 | AN31: Y
A32: 2026-02-12 | L32: (주)다수건설 | P32: 651400 | AG32: 서울노원구 | AH32: =IF(A32<>"", A32+40, "") -> 46105 | AI32: 46092 | AJ32: =P32*1.1 -> 716540 | AK32: =(P32*1.1)-AJ32 -> 0 | AL32: =IF(OR(A32="",AK32=0),"",IF(TODAY()-A32>=91,"장기미수",IF(TODAY()-A32>=41,"관리","")))
A33: 2026-02-12 | L33: (주)대한진단건설 | P33: 1997773 | AG33: 진영자이아파트 | AH33: =IF(A33<>"", A33+40, "") -> 46105 | AI33: 46142 | AJ33: =P33*1.1 -> 2197550.3 | AK33: =(P33*1.1)-AJ33 -> 0 | AL33: =IF(OR(A33="",AK33=0),"",IF(TODAY()-A33>=91,"장기미수",IF(TODAY()-A33>=41,"관리","")))
A34: 2026-02-13 | B34: 20260213-10260213-42616414 | C34: 2026-02-13 | D34: 2026-02-13 | E34: 403-81-84528 | G34: 주식회사 넷폼알앤디(NETFORM R&D Corp.) | H34: 이승우 | I34: 경기도 오산시 서동로 77, 1층,3층(서동) | J34: 416-81-21999 | L34: (주)부영씨엔씨 | M34: 정동진 | N34: 서울특별시 광진구 자양동 784-1 대동상가동 107 | O34: 38834400 | P34: 35304000 | Q34: 3530400 | R34: 세금계산서 | S34: 일반 | T34: 인터넷발급 | U34: 기업은행 468-084895-04-017 넷폼알앤디 | V34: 청구 | W34: netform@netformrnd.com | X34: booyoung458@hanmail.net | Z34: 2026-02-13 | AA34: 자재대금 | AC34: 1 | AD34: 35,304,000 | AE34: 35304000 | AF34: 3530400 | AG34: 잠실리센츠 | AH34: =IF(A34<>"", A34+40, "") -> 46106 | AK34: =(P34*1.1)-AJ34 -> 38834400 | AL34: =IF(OR(A34="",AK34=0),"",IF(TODAY()-A34>=91,"장기미수",IF(TODAY()-A34>=41,"관리",""))) -> 장기미수 | AN34: Y
A35: 2026-02-20 | B35: 20260220-10260220-44666787 | C35: 2026-02-20 | D35: 2026-02-20 | E35: 403-81-84528 | G35: 주식회사 넷폼알앤디(NETFORM R&D Corp.) | H35: 이승우 | I35: 경기도 오산시 서동로 77, 1층,3층(서동) | J35: 638-15-01453 | L35: 청록개발 | M35: 황석구 | N35: 서울 노원구 마들로 111,28동 401호(월계동,아파트) | O35: 5980370 | P35: 5436700 | Q35: 543670 | R35: 세금계산서 | S35: 일반 | T35: 인터넷발급 | U35: 기업은행 468-084895-04-017 넷폼알앤디 | V35: 청구 | W35: netform@netformrnd.com | X35: 650603kjs@naver.com | Z35: 2026-02-20 | AA35: 자재대금 | AC35: 1 | AD35: 5,436,700 | AE35: 5436700 | AF35: 543670 | AG35: 경기도광주 | AH35: =IF(A35<>"", A35+40, "") -> 46113 | AI35: 46073 | AJ35: =P35*1.1 -> 5980370 | AK35: =(P35*1.1)-AJ35 -> 0 | AL35: =IF(OR(A35="",AK35=0),"",IF(TODAY()-A35>=91,"장기미수",IF(TODAY()-A35>=41,"관리","")))
A36: 2026-02-20 | B36: 20260220-10260220-44297347 | C36: 2026-02-20 | D36: 2026-02-20 | E36: 403-81-84528 | G36: 주식회사 넷폼알앤디(NETFORM R&D Corp.) | H36: 이승우 | I36: 경기도 오산시 서동로 77, 1층,3층(서동) | J36: 416-81-21999 | L36: (주)부영씨엔씨 | M36: 정동진 | N36: 서울특별시 광진구 자양동 784-1 대동상가동 107 | O36: 41360000 | P36: 39250000 | Q36: 3760000 | R36: 세금계산서 | S36: 일반 | T36: 인터넷발급 | U36: 기업은행 468-084895-04-017 넷폼알앤디 | V36: 청구 | W36: netform@netformrnd.com | X36: booyoung458@hanmail.net | Z36: 2026-02-20 | AA36: 자재대금 | AC36: 1 | AD36: 37,600,000 | AE36: 37600000 | AF36: 3760000 | AG36: 잠실리센츠 | AH36: =IF(A36<>"", A36+40, "") -> 46113 | AI36: 46112 | AJ36: =P36*1.1 -> 43175000 | AK36: =(P36*1.1)-AJ36 -> 0 | AL36: =IF(OR(A36="",AK36=0),"",IF(TODAY()-A36>=91,"장기미수",IF(TODAY()-A36>=41,"관리","")))
A37: 2026-02-23 | B37: 20260223-10260223-45375828 | C37: 2026-02-23 | D37: 2026-02-23 | E37: 403-81-84528 | G37: 주식회사 넷폼알앤디(NETFORM R&D Corp.) | H37: 이승우 | I37: 경기도 오산시 서동로 77, 1층,3층(서동) | J37: 356-81-00431 | L37: (주)태영건설 | M37: 심봉섭 | N37: 경기도 수원시 권선구 동수원로 146번길 54-13, 102호 | O37: 2976600 | P37: 2706000 | Q37: 270600 | R37: 세금계산서 | S37: 일반 | T37: 인터넷발급 | U37: 기업은행 468-084895-04-017 넷폼알앤디 | V37: 청구 | W37: netform@netformrnd.com | X37: tyc356@hanmail.net | Z37: 2026-02-23 | AA37: 자재대금 | AC37: 1 | AD37: 2,706,000 | AE37: 2706000 | AF37: 270600 | AG37: 풍납현대리버빌1차 | AH37: =IF(A37<>"", A37+40, "") -> 46116 | AI37: 46076 | AJ37: =P37*1.1 -> 2976600 | AK37: =(P37*1.1)-AJ37 -> 0 | AL37: =IF(OR(A37="",AK37=0),"",IF(TODAY()-A37>=91,"장기미수",IF(TODAY()-A37>=41,"관리","")))
A38: 2026-02-23 | B38: 20260223-10260223-45588438 | C38: 2026-02-23 | D38: 2026-02-23 | E38: 403-81-84528 | G38: 주식회사 넷폼알앤디(NETFORM R&D Corp.) | H38: 이승우 | I38: 경기도 오산시 서동로 77, 1층,3층(서동) | J38: 416-81-21999 | L38: (주)부영씨엔씨 | M38: 정동진 | N38: 서울특별시 광진구 자양동 784-1 대동상가동 107 | O38: 12650000 | P38: 11500000 | Q38: 1150000 | R38: 세금계산서 | S38: 일반 | T38: 인터넷발급 | U38: 기업은행 468-084895-04-017 넷폼알앤디 | V38: 청구 | W38: netform@netformrnd.com | X38: booyoung458@hanmail.net | Z38: 2026-02-23 | AA38: 자재대금 | AC38: 1 | AD38: 11,500,000 | AE38: 11500000 | AF38: 1150000 | AG38: 잠실리센츠 | AH38: =IF(A38<>"", A38+40, "") -> 46116 | AI38: 46112 | AJ38: =P38*1.1 -> 12650000 | AK38: =(P38*1.1)-AJ38 -> 0 | AL38: =IF(OR(A38="",AK38=0),"",IF(TODAY()-A38>=91,"장기미수",IF(TODAY()-A38>=41,"관리","")))
A39: 2026-02-23 | B39: 20260223-10260223-45429240 | C39: 2026-02-23 | D39: 2026-02-23 | E39: 403-81-84528 | G39: 주식회사 넷폼알앤디(NETFORM R&D Corp.) | H39: 이승우 | I39: 경기도 오산시 서동로 77, 1층,3층(서동) | J39: 416-81-21999 | L39: (주)부영씨엔씨 | M39: 정동진 | N39: 서울특별시 광진구 자양동 784-1 대동상가동 107 | O39: 3781800 | P39: 3438000 | Q39: 343800 | R39: 세금계산서 | S39: 일반 | T39: 인터넷발급 | U39: 기업은행 468-084895-04-017 넷폼알앤디 | V39: 청구 | W39: netform@netformrnd.com | X39: booyoung458@hanmail.net | Z39: 2026-02-23 | AA39: 자재대금 | AC39: 1 | AE39: 3438000 | AF39: 343800 | AG39: 잠실리센츠 | AH39: =IF(A39<>"", A39+40, "") -> 46116 | AI39: 46112 | AJ39: =P39*1.1 -> 3781800 | AK39: =(P39*1.1)-AJ39 -> 0 | AL39: =IF(OR(A39="",AK39=0),"",IF(TODAY()-A39>=91,"장기미수",IF(TODAY()-A39>=41,"관리","")))
A40: 2026-02-24 | B40: 20260224-10260224-46322465 | C40: 2026-02-24 | D40: 2026-02-24 | E40: 403-81-84528 | G40: 주식회사 넷폼알앤디(NETFORM R&D Corp.) | H40: 이승우 | I40: 경기도 오산시 서동로 77, 1층,3층(서동) | J40: 416-81-62200 | L40: (주)이음건설 | M40: 방영민 | N40: 서울특별시 강서구 공항대로220, 10층12호(마곡동, 우성에스비타워Ⅱ) | O40: 552530 | P40: 502300 | Q40: 50230 | R40: 세금계산서 | S40: 일반 | T40: 인터넷발급 | U40: 기업은행 468-084895-04-017 넷폼알앤디 | V40: 청구 | W40: netform@netformrnd.com | X40: ieum-enc@naver.com | Z40: 2026-02-24 | AA40: 자재대금 | AC40: 1 | AD40: 502,300 | AE40: 502300 | AF40: 50230 | AG40: 성남메트로칸 | AH40: =IF(A40<>"", A40+40, "") -> 46117 | AI40: 46079 | AJ40: =P40*1.1 -> 552530 | AK40: =(P40*1.1)-AJ40 -> 0 | AL40: =IF(OR(A40="",AK40=0),"",IF(TODAY()-A40>=91,"장기미수",IF(TODAY()-A40>=41,"관리","")))
A41: 2026-02-24 | B41: 20260224-10260224-46514298 | C41: 2026-02-24 | D41: 2026-02-24 | E41: 403-81-84528 | G41: 주식회사 넷폼알앤디(NETFORM R&D Corp.) | H41: 이승우 | I41: 경기도 오산시 서동로 77, 1층,3층(서동) | J41: 121-81-17170 | L41: 엘케이개발(주) | M41: 김재명 | N41: 경기도 용인시 기흥구 흥덕2로87번길 18, 에이동 304호 | O41: 116820 | P41: 106200 | Q41: 10620 | R41: 세금계산서 | S41: 일반 | T41: 인터넷발급 | U41: 기업은행 468-084895-04-017 넷폼알앤디 | V41: 청구 | W41: netform@netformrnd.com | X41: lk2020k@daum.net | Z41: 2026-02-24 | AA41: 자재대금 | AC41: 1 | AD41: 106,200 | AE41: 106200 | AF41: 10620 | AG41: 본사사무실 | AH41: =IF(A41<>"", A41+40, "") -> 46117 | AI41: 46112 | AJ41: =P41*1.1 -> 116820 | AK41: =(P41*1.1)-AJ41 -> 0 | AL41: =IF(OR(A41="",AK41=0),"",IF(TODAY()-A41>=91,"장기미수",IF(TODAY()-A41>=41,"관리","")))
A42: 2026-02-25 | B42: 20260225-10260225-47528608 | C42: 2026-02-25 | D42: 2026-02-25 | E42: 403-81-84528 | G42: 주식회사 넷폼알앤디(NETFORM R&D Corp.) | H42: 이승우 | I42: 경기도 오산시 서동로 77, 1층,3층(서동) | J42: 416-81-21999 | L42: (주)부영씨엔씨 | M42: 정동진 | N42: 서울특별시 광진구 자양동 784-1 대동상가동 107 | O42: 5266250 | P42: 4787500 | Q42: 478750 | R42: 수정세금계산서 | S42: 일반(수정) | T42: 인터넷발급 | U42: 당초 승인번호 (20260225-10260225-47318664) | V42: 청구 | W42: netform@netformrnd.com | X42: booyoung458@hanmail.net | Z42: 2026-02-25 | AA42: 자재대금 | AC42: 1 | AD42: 4,787,500 | AE42: 4787500 | AF42: 478750 | AG42: 까치마을신원 | AH42: =IF(A42<>"", A42+40, "") -> 46118 | AK42: =(P42*1.1)-AJ42 -> 5266250 | AL42: =IF(OR(A42="",AK42=0),"",IF(TODAY()-A42>=91,"장기미수",IF(TODAY()-A42>=41,"관리",""))) -> 장기미수 | AN42: Y
A43: 2026-02-26 | B43: 20260226-10260226-48781617 | C43: 2026-02-26 | D43: 2026-02-26 | E43: 403-81-84528 | G43: 주식회사 넷폼알앤디(NETFORM R&D Corp.) | H43: 이승우 | I43: 경기도 오산시 서동로 77, 1층,3층(서동) | J43: 836-87-03450 | L43: (주)대승이앤씨 | M43: 이종범 | N43: 인천광역시 계양구 안남로 573번길 17,5층 (효성동) | O43: 4917000 | P43: 4470000 | Q43: 447000 | R43: 수정세금계산서 | S43: 일반(수정) | T43: 인터넷발급 | U43: 당초 승인번호 (20260226-10260226-48776702) | V43: 청구 | W43: netform@netformrnd.com | X43: daeseung2024@naver.com | Z43: 2026-02-26 | AA43: 자재대금 | AC43: 1 | AD43: 4,470,000 | AE43: 4470000 | AF43: 447000 | AG43: 은하마을주공1단지 | AH43: =IF(A43<>"", A43+40, "") -> 46119 | AI43: 46079 | AJ43: =P43*1.1 -> 4917000 | AK43: =(P43*1.1)-AJ43 -> 0 | AL43: =IF(OR(A43="",AK43=0),"",IF(TODAY()-A43>=91,"장기미수",IF(TODAY()-A43>=41,"관리","")))
A44: 2026-02-26 | B44: 20260226-10260226-48412159 | C44: 2026-02-26 | D44: 2026-02-26 | E44: 403-81-84528 | G44: 주식회사 넷폼알앤디(NETFORM R&D Corp.) | H44: 이승우 | I44: 경기도 오산시 서동로 77, 1층,3층(서동) | J44: 122-86-21556 | L44: 삼정ING건설 | M44: 박정식 | N44: 인천광역시 계양구 임학동로 38(임학동,훼밀리코아 5층) | O44: 15243800 | P44: 13858000 | Q44: 1385800 | R44: 세금계산서 | S44: 일반 | T44: 인터넷발급 | U44: 기업은행 468-084895-04-017 넷폼알앤디 | V44: 청구 | W44: netform@netformrnd.com | X44: samjung2012@hanmail.net | Z44: 2026-02-26 | AA44: 자재대금 | AC44: 1 | AD44: 13,858,000 | AE44: 13858000 | AF44: 1385800 | AG44: 삼익세라믹1,2차 | AH44: =IF(A44<>"", A44+40, "") -> 46119 | AI44: 46080 | AJ44: =P44*1.1 -> 15243800 | AK44: =(P44*1.1)-AJ44 -> 0 | AL44: =IF(OR(A44="",AK44=0),"",IF(TODAY()-A44>=91,"장기미수",IF(TODAY()-A44>=41,"관리","")))
A45: 2026-02-27 | B45: 20260227-10260227-50333161 | C45: 2026-02-27 | D45: 2026-02-27 | E45: 403-81-84528 | G45: 주식회사 넷폼알앤디(NETFORM R&D Corp.) | H45: 이승우 | I45: 경기도 오산시 서동로 77, 1층,3층(서동) | J45: 203-25-19644 | L45: 랜반 | M45: 류동환 | N45: 경기도 용인시 처인구 남사읍 당하로 135-5, 2층 | O45: 231000 | P45: 210000 | Q45: 21000 | R45: 세금계산서 | S45: 일반 | T45: 인터넷발급 | U45: 기업은행 468-084895-04-017 넷폼알앤디 | V45: 청구 | W45: netform@netformrnd.com | X45: rennbahn94@gmail.com | Z45: 2026-02-27 | AA45: 자재대금 | AC45: 1 | AD45: 210,000 | AE45: 210000 | AF45: 21000 | AG45: 던에드워드페인트 | AH45: =IF(A45<>"", A45+40, "") -> 46120 | AI45: 46080 | AJ45: =P45*1.1 -> 231000 | AK45: =(P45*1.1)-AJ45 -> 0 | AL45: =IF(OR(A45="",AK45=0),"",IF(TODAY()-A45>=91,"장기미수",IF(TODAY()-A45>=41,"관리","")))
A46: 2026-02-27 | B46: 20260227-10260227-49908184 | C46: 2026-02-27 | D46: 2026-02-27 | E46: 403-81-84528 | G46: 주식회사 넷폼알앤디(NETFORM R&D Corp.) | H46: 이승우 | I46: 경기도 오산시 서동로 77, 1층,3층(서동) | J46: 607-81-83311 | L46: 주식회사 삼흥티에스건설 | M46: 최국진 | N46: 부산광역시 금정구 기찰로 48 (부곡동) | O46: 982300 | P46: 893000 | Q46: 89300 | R46: 세금계산서 | S46: 일반 | T46: 인터넷발급 | U46: 기업은행 468-084895-04-017 넷폼알앤디 | V46: 청구 | W46: netform@netformrnd.com | X46: samhd2007@daum.net | Z46: 2026-02-27 | AA46: 자재대금 | AC46: 1 | AD46: 893,000 | AE46: 893000 | AF46: 89300 | AG46: 포항북구죽도644영업소 | AH46: =IF(A46<>"", A46+40, "") -> 46120 | AI46: 46142 | AJ46: =P46*1.1 -> 982300 | AK46: =(P46*1.1)-AJ46 -> 0 | AL46: =IF(OR(A46="",AK46=0),"",IF(TODAY()-A46>=91,"장기미수",IF(TODAY()-A46>=41,"관리","")))
A47: 2026-02-27 | B47: 20260227-10260227-49819970 | C47: 2026-02-27 | D47: 2026-02-27 | E47: 403-81-84528 | G47: 주식회사 넷폼알앤디(NETFORM R&D Corp.) | H47: 이승우 | I47: 경기도 오산시 서동로 77, 1층,3층(서동) | J47: 129-86-59539 | L47: (주)모아씨앤에스 | M47: 이수근 | N47: 서울시 강서구 마곡중앙5로1길20 보타닉비즈타워 408, 409호 | O47: 4939000 | P47: 4490000 | Q47: 449000 | R47: 세금계산서 | S47: 일반 | T47: 인터넷발급 | U47: 기업은행 468-084895-04-017 넷폼알앤디 | V47: 청구 | W47: netform@netformrnd.com | X47: moa0477@daum.net | Z47: 2026-02-27 | AA47: 자재대금 | AC47: 1 | AD47: 4,490,000 | AE47: 4490000 | AF47: 449000 | AG47: 수지동보1차 | AH47: =IF(A47<>"", A47+40, "") -> 46120 | AI47: 46142 | AJ47: =P47*1.1 -> 4939000 | AK47: =(P47*1.1)-AJ47 -> 0 | AL47: =IF(OR(A47="",AK47=0),"",IF(TODAY()-A47>=91,"장기미수",IF(TODAY()-A47>=41,"관리","")))
A48: 2026-02-27 | B48: 20260227-10260227-49512999 | C48: 2026-02-27 | D48: 2026-02-27 | E48: 403-81-84528 | G48: 주식회사 넷폼알앤디(NETFORM R&D Corp.) | H48: 이승우 | I48: 경기도 오산시 서동로 77, 1층,3층(서동) | J48: 250-81-03222 | L48: (주)기림이앤씨 | M48: 양경수 | N48: 충청남도 천안시 동남구 청수14로 60, 701호(청당동, 서미법조타워) | O48: 1667600 | P48: 1516000 | Q48: 151600 | R48: 세금계산서 | S48: 일반 | T48: 인터넷발급 | U48: 기업은행 468-084895-04-017 넷폼알앤디 | V48: 청구 | W48: netform@netformrnd.com | X48: girim250@naver.com | Z48: 2026-02-27 | AA48: 자재대금 | AC48: 1 | AD48: 1,516,000 | AE48: 1516000 | AF48: 151600 | AG48: 두정마을우남1단지 | AH48: =IF(A48<>"", A48+40, "") -> 46120 | AI48: 46098 | AJ48: =P48*1.1 -> 1667600 | AK48: =(P48*1.1)-AJ48 -> 0 | AL48: =IF(OR(A48="",AK48=0),"",IF(TODAY()-A48>=91,"장기미수",IF(TODAY()-A48>=41,"관리","")))
A49: 2026-02-27 | B49: 20260227-10260227-49512462 | C49: 2026-02-27 | D49: 2026-02-27 | E49: 403-81-84528 | G49: 주식회사 넷폼알앤디(NETFORM R&D Corp.) | H49: 이승우 | I49: 경기도 오산시 서동로 77, 1층,3층(서동) | J49: 207-81-45460 | L49: (주)국제특수건설 | M49: 차희남 | N49: 서울특별시 강서구 화곡로68길821203(등촌동,강서아이티밸리) | O49: 573100 | P49: 521000 | Q49: 52100 | R49: 세금계산서 | S49: 일반 | T49: 인터넷발급 | U49: 기업은행 468-084895-04-017 넷폼알앤디 | V49: 청구 | W49: netform@netformrnd.com | X49: kukjesc@daum.net | Z49: 2026-02-27 | AA49: 자재대금 | AC49: 1 | AD49: 521,000 | AE49: 521000 | AF49: 52100 | AG49: 등촌임광그린 | AH49: =IF(A49<>"", A49+40, "") -> 46120 | AI49: 46136 | AJ49: =P49*1.1 -> 573100 | AK49: =(P49*1.1)-AJ49 -> 0 | AL49: =IF(OR(A49="",AK49=0),"",IF(TODAY()-A49>=91,"장기미수",IF(TODAY()-A49>=41,"관리","")))
A50: 2026-02-27 | B50: 20260227-10260227-49510673 | C50: 2026-02-27 | D50: 2026-02-27 | E50: 403-81-84528 | G50: 주식회사 넷폼알앤디(NETFORM R&D Corp.) | H50: 이승우 | I50: 경기도 오산시 서동로 77, 1층,3층(서동) | J50: 163-88-03010 | L50: 여름건설(주) | M50: 박종옥 | N50: 인천 부평구 경원대로 1344번길34,352호 (부평동,e편한세상시티부평역) | O50: 7172660 | P50: 6520600 | Q50: 652060 | R50: 세금계산서 | S50: 일반 | T50: 인터넷발급 | U50: 기업은행 468-084895-04-017 넷폼알앤디 | V50: 청구 | W50: netform@netformrnd.com | X50: summertime888@naver.com | Z50: 2026-02-27 | AA50: 자재대금 | AC50: 1 | AD50: 6,520,600 | AE50: 6520600 | AF50: 652060 | AG50: 오산한라그린타운 | AH50: =IF(A50<>"", A50+40, "") -> 46120 | AI50: 46112 | AJ50: =P50*1.1 -> 7172660 | AK50: =(P50*1.1)-AJ50 -> 0 | AL50: =IF(OR(A50="",AK50=0),"",IF(TODAY()-A50>=91,"장기미수",IF(TODAY()-A50>=41,"관리","")))
A51: 2026-03-03 | B51: 20260303-10260303-54198017 | C51: 2026-03-03 | D51: 2026-03-03 | E51: 403-81-84528 | G51: 주식회사 넷폼알앤디(NETFORM R&D Corp.) | H51: 이승우 | I51: 경기도 오산시 서동로 77, 1층,3층(서동) | J51: 131-86-21114 | L51: (주)진성이앤지 | M51: 강성수 | N51: 경기도 고양시 일산서구 킨텍스로 240, 201동 1602호 | O51: 2563000 | P51: 2330000 | Q51: 233000 | R51: 세금계산서 | S51: 일반 | T51: 인터넷발급 | U51: 기업은행 468-084895-04-017 넷폼알앤디 | V51: 청구 | W51: netform@netformrnd.com | X51: jinsung7475@naver.com | Z51: 2026-03-03 | AA51: 자재대금 | AC51: 1 | AD51: 2,330,000 | AE51: 2330000 | AF51: 233000 | AG51: 불암현대 | AH51: =IF(A51<>"", A51+40, "") -> 46124 | AI51: 46168 | AJ51: =P51*1.1 -> 2563000 | AK51: =(P51*1.1)-AJ51 -> 0 | AL51: =IF(OR(A51="",AK51=0),"",IF(TODAY()-A51>=91,"장기미수",IF(TODAY()-A51>=41,"관리","")))
A52: 2026-03-03 | B52: 20260303-10260303-54188759 | C52: 2026-03-03 | D52: 2026-03-03 | E52: 403-81-84528 | G52: 주식회사 넷폼알앤디(NETFORM R&D Corp.) | H52: 이승우 | I52: 경기도 오산시 서동로 77, 1층,3층(서동) | J52: 106-86-92501 | L52: (주)다수건설 | M52: 심은용 | N52: 서울특별시 노원구 노원로1바길 12, 2층(공릉동) | O52: 57420 | P52: 52200 | Q52: 5220 | R52: 세금계산서 | S52: 일반 | T52: 인터넷발급 | U52: 기업은행 468-084895-04-017 넷폼알앤디 | V52: 청구 | W52: netform@netformrnd.com | X52: dasu2013@naver.com | Z52: 2026-03-03 | AA52: 자재대금 | AC52: 1 | AD52: 52,200 | AE52: 52200 | AF52: 5220 | AG52: 사무실택배 | AH52: =IF(A52<>"", A52+40, "") -> 46124 | AI52: 46122 | AJ52: =P52*1.1 -> 57420 | AK52: =(P52*1.1)-AJ52 -> 0 | AL52: =IF(OR(A52="",AK52=0),"",IF(TODAY()-A52>=91,"장기미수",IF(TODAY()-A52>=41,"관리","")))
A53: 2026-03-03 | B53: 20260303-10260303-54186226 | C53: 2026-03-03 | D53: 2026-03-03 | E53: 403-81-84528 | G53: 주식회사 넷폼알앤디(NETFORM R&D Corp.) | H53: 이승우 | I53: 경기도 오산시 서동로 77, 1층,3층(서동) | J53: 131-86-21114 | L53: (주)진성이앤지 | M53: 강성수 | N53: 경기도 고양시 일산서구 킨텍스로 240, 201동 1602호 | O53: 8386400 | P53: 7624000 | Q53: 762400 | R53: 세금계산서 | S53: 일반 | T53: 인터넷발급 | U53: 기업은행 468-084895-04-017 넷폼알앤디 | V53: 청구 | W53: netform@netformrnd.com | X53: jinsung7475@naver.com | Z53: 2026-03-03 | AA53: 자재대금 | AC53: 1 | AD53: 7,624,000 | AE53: 7624000 | AF53: 762400 | AG53: 중산11단지현대 | AH53: =IF(A53<>"", A53+40, "") -> 46124 | AI53: 46168 | AJ53: =P53*1.1 -> 8386400 | AK53: =(P53*1.1)-AJ53 -> 0 | AL53: =IF(OR(A53="",AK53=0),"",IF(TODAY()-A53>=91,"장기미수",IF(TODAY()-A53>=41,"관리","")))
A54: 2026-03-03 | B54: 20260303-10260303-54180944 | C54: 2026-03-03 | D54: 2026-03-03 | E54: 403-81-84528 | G54: 주식회사 넷폼알앤디(NETFORM R&D Corp.) | H54: 이승우 | I54: 경기도 오산시 서동로 77, 1층,3층(서동) | J54: 224-81-46130 | L54: 대명이엔씨(주) | M54: 송경종 | N54: 광주광역시 서구 무진대로 605,1층 (유촌동) | O54: 4411000 | P54: 4010000 | Q54: 401000 | R54: 세금계산서 | S54: 일반 | T54: 인터넷발급 | U54: 기업은행 468-084895-04-017 넷폼알앤디 | V54: 청구 | W54: netform@netformrnd.com | X54: dmenc2024@naver.com | Z54: 2026-03-03 | AA54: 자재대금 | AC54: 1 | AD54: 4,010,000 | AE54: 4010000 | AF54: 401000 | AG54: 소촌동대성베르힐 | AH54: =IF(A54<>"", A54+40, "") -> 46124 | AI54: 46091 | AJ54: =P54*1.1 -> 4411000 | AK54: =(P54*1.1)-AJ54 -> 0 | AL54: =IF(OR(A54="",AK54=0),"",IF(TODAY()-A54>=91,"장기미수",IF(TODAY()-A54>=41,"관리","")))
... A78: 2026-03-10 | B78: 20260310-10260310-66361496 | C78: 2026-03-10 | D78: 2026-03-10 | E78: 403-81-84528 | G78: 주식회사 넷폼알앤디(NETFORM R&D Corp.) | H78: 이승우 | I78: 경기도 오산시 서동로 77, 1층,3층(서동) | J78: 131-86-21114 | L78: (주)진성이앤지 | M78: 강성수 | N78: 경기도 고양시 일산서구 킨텍스로 240, 201동 1602호 | O78: 9240000 | P78: 8400000 | Q78: 840000 | R78: 세금계산서 | S78: 일반 | T78: 인터넷발급 | U78: 기업은행 468-084895-04-017 넷폼알앤디 | V78: 청구 | W78: netform@netformrnd.com | X78: jinsung7475@naver.com | Z78: 2026-03-10 | AA78: 자재대금 | AC78: 1 | AD78: 8,400,000 | AE78: 8400000 | AF78: 840000 | AG78: 수원로얄팰리스 | AH78: =IF(A78<>"", A78+40, "") -> 46131 | AI78: 46170 | AJ78: =P78*1.1 -> 9240000 | AK78: =(P78*1.1)-AJ78 -> 0 | AL78: =IF(OR(A78="",AK78=0),"",IF(TODAY()-A78>=91,"장기미수",IF(TODAY()-A78>=41,"관리","")))
A79: 2026-03-10 | B79: 20260310-10260310-66359178 | C79: 2026-03-10 | D79: 2026-03-10 | E79: 403-81-84528 | G79: 주식회사 넷폼알앤디(NETFORM R&D Corp.) | H79: 이승우 | I79: 경기도 오산시 서동로 77, 1층,3층(서동) | J79: 416-81-21999 | L79: (주)부영씨엔씨 | M79: 정동진 | N79: 서울특별시 광진구 자양동 784-1 대동상가동 107 | O79: 50910200 | P79: 46282000 | Q79: 4628200 | R79: 세금계산서 | S79: 일반 | T79: 인터넷발급 | U79: 기업은행 468-084895-04-017 넷폼알앤디 | V79: 청구 | W79: netform@netformrnd.com | X79: booyoung458@hanmail.net | Z79: 2026-03-10 | AA79: 자재대금 | AC79: 1 | AD79: 46,282,000 | AE79: 46282000 | AF79: 4628200 | AG79: 잠실리센츠 | AH79: =IF(A79<>"", A79+40, "") -> 46131 | AK79: =(P79*1.1)-AJ79 -> 50910200 | AL79: =IF(OR(A79="",AK79=0),"",IF(TODAY()-A79>=91,"장기미수",IF(TODAY()-A79>=41,"관리",""))) -> 관리 | AN79: Y
A80: 2026-03-10 | B80: 20260310-10260310-66354108 | C80: 2026-03-10 | D80: 2026-03-10 | E80: 403-81-84528 | G80: 주식회사 넷폼알앤디(NETFORM R&D Corp.) | H80: 이승우 | I80: 경기도 오산시 서동로 77, 1층,3층(서동) | J80: 314-86-57819 | L80: (주)백승 | M80: 민영자 | N80: 대전광역시 대덕구 대전로1033번길 60(오정동) | O80: 2015750 | P80: 1832500 | Q80: 183250 | R80: 세금계산서 | S80: 일반 | T80: 인터넷발급 | U80: 기업은행 468-084895-04-017 넷폼알앤디 | V80: 청구 | W80: netform@netformrnd.com | X80: bjbs3677@daum.net | Z80: 2026-03-10 | AA80: 자재대금 | AC80: 1 | AD80: 1,832,500 | AE80: 1832500 | AF80: 183250 | AG80: 오창2지구대원칸타빌 | AH80: =IF(A80<>"", A80+40, "") -> 46131 | AI80: 46092 | AJ80: =P80*1.1 -> 2015750 | AK80: =(P80*1.1)-AJ80 -> 0 | AL80: =IF(OR(A80="",AK80=0),"",IF(TODAY()-A80>=91,"장기미수",IF(TODAY()-A80>=41,"관리","")))
A81: 2026-03-10 | B81: 20260310-10260310-66349181 | C81: 2026-03-10 | D81: 2026-03-10 | E81: 403-81-84528 | G81: 주식회사 넷폼알앤디(NETFORM R&D Corp.) | H81: 이승우 | I81: 경기도 오산시 서동로 77, 1층,3층(서동) | J81: 410-81-24440 | L81: 삼우건설(주) | M81: 김계환 | N81: 광주광역시 서구 경열로 70, 4층(농성동) | O81: 244200 | P81: 222000 | Q81: 22200 | R81: 세금계산서 | S81: 일반 | T81: 인터넷발급 | U81: 기업은행 468-084895-04-017 넷폼알앤디 | V81: 청구 | W81: netform@netformrnd.com | X81: samwoo2019@daum.net | Z81: 2026-03-10 | AA81: 자재대금 | AC81: 1 | AD81: 222,000 | AE81: 222000 | AF81: 22200 | AG81: 효천1중흥S클래스에코시티 | AH81: =IF(A81<>"", A81+40, "") -> 46131 | AI81: 46094 | AJ81: =P81*1.1 -> 244200 | AK81: =(P81*1.1)-AJ81 -> 0 | AL81: =IF(OR(A81="",AK81=0),"",IF(TODAY()-A81>=91,"장기미수",IF(TODAY()-A81>=41,"관리","")))
A82: 2026-03-10 | B82: 20260310-10260310-66344464 | C82: 2026-03-10 | D82: 2026-03-10 | E82: 403-81-84528 | G82: 주식회사 넷폼알앤디(NETFORM R&D Corp.) | H82: 이승우 | I82: 경기도 오산시 서동로 77, 1층,3층(서동) | J82: 861-86-01000 | L82: (주)정민씨앤씨 | M82: 조성문, 신동인 | N82: 서울특별시 성북구 정릉로402-9 제상가동제3층303호(돈암동,범양아파트) | O82: 15488000 | P82: 14080000 | Q82: 1408000 | R82: 세금계산서 | S82: 일반 | T82: 인터넷발급 | U82: 기업은행 468-084895-04-017 넷폼알앤디 | V82: 청구 | W82: netform@netformrnd.com | X82: jmcnc04@daum.net | Z82: 2026-03-10 | AA82: 자재대금 | AC82: 1 | AD82: 14,080,000 | AE82: 14080000 | AF82: 1408000 | AG82: 헬리오시티 | AH82: =IF(A82<>"", A82+40, "") -> 46131 | AI82: 46128 | AJ82: =P82*1.1 -> 15488000 | AK82: =(P82*1.1)-AJ82 -> 0 | AL82: =IF(OR(A82="",AK82=0),"",IF(TODAY()-A82>=91,"장기미수",IF(TODAY()-A82>=41,"관리","")))
A83: 2026-03-10 | B83: 20260310-10260310-66341463 | C83: 2026-03-10 | D83: 2026-03-10 | E83: 403-81-84528 | G83: 주식회사 넷폼알앤디(NETFORM R&D Corp.) | H83: 이승우 | I83: 경기도 오산시 서동로 77, 1층,3층(서동) | J83: 415-81-52034 | L83: 두레이앤씨(주) | M83: 김문성 | N83: 서울특별시 중랑구 동일로130길 57, 2층(중화동) | O83: 15488000 | P83: 14080000 | Q83: 1408000 | R83: 세금계산서 | S83: 일반 | T83: 인터넷발급 | U83: 기업은행 468-084895-04-017 넷폼알앤디 | V83: 청구 | W83: netform@netformrnd.com | X83: doore0577@hanmail.net | Z83: 2026-03-10 | AA83: 자재대금 | AC83: 1 | AD83: 14,080,000 | AE83: 14080000 | AF83: 1408000 | AG83: 헬리오시티 | AH83: =IF(A83<>"", A83+40, "") -> 46131 | AI83: 46097 | AJ83: =P83*1.1 -> 15488000 | AK83: =(P83*1.1)-AJ83 -> 0 | AL83: =IF(OR(A83="",AK83=0),"",IF(TODAY()-A83>=91,"장기미수",IF(TODAY()-A83>=41,"관리","")))
A84: 2026-03-10 | B84: 20260310-10260310-66337990 | C84: 2026-03-10 | D84: 2026-03-10 | E84: 403-81-84528 | G84: 주식회사 넷폼알앤디(NETFORM R&D Corp.) | H84: 이승우 | I84: 경기도 오산시 서동로 77, 1층,3층(서동) | J84: 864-31-00922 | L84: 가온알앤씨 | M84: 이민규 | N84: 경기도 화성시 만세구 팔탄면 3.1만세로 804 A동, 204호 | O84: 1305260 | P84: 1186600 | Q84: 118660 | R84: 세금계산서 | S84: 일반 | T84: 인터넷발급 | U84: 기업은행 468-084895-04-017 넷폼알앤디 | V84: 청구 | W84: netform@netformrnd.com | X84: 99732093@hanmail.net | Z84: 2026-03-10 | AA84: 자재대금 | AC84: 1 | AD84: 1,186,600 | AE84: 1186600 | AF84: 118660 | AG84: 시흥참이슬아파트 | AH84: =IF(A84<>"", A84+40, "") -> 46131 | AK84: =(P84*1.1)-AJ84 -> 1305260 | AL84: =IF(OR(A84="",AK84=0),"",IF(TODAY()-A84>=91,"장기미수",IF(TODAY()-A84>=41,"관리",""))) -> 관리
A85: 2026-03-10 | B85: 20260310-10260310-66335150 | C85: 2026-03-10 | D85: 2026-03-10 | E85: 403-81-84528 | G85: 주식회사 넷폼알앤디(NETFORM R&D Corp.) | H85: 이승우 | I85: 경기도 오산시 서동로 77, 1층,3층(서동) | J85: 124-87-43193 | L85: (주)지앤필드종합건설 | M85: 김형준, 정회욱 | N85: 경기도 화성시 병점동로78,3층 302호(병점동,유진클라우스상가) | O85: 297000 | P85: 270000 | Q85: 27000 | R85: 세금계산서 | S85: 일반 | T85: 인터넷발급 | U85: 기업은행 468-084895-04-017 넷폼알앤디 | V85: 청구 | W85: netform@netformrnd.com | X85: wdcnc@hanmail.net | Z85: 2026-03-10 | AA85: 자재대금 | AC85: 1 | AD85: 270,000 | AE85: 270000 | AF85: 27000 | AG85: 무지개마을신한건영 | AH85: =IF(A85<>"", A85+40, "") -> 46131 | AI85: 46136 | AJ85: =P85*1.1 -> 297000 | AK85: =(P85*1.1)-AJ85 -> 0 | AL85: =IF(OR(A85="",AK85=0),"",IF(TODAY()-A85>=91,"장기미수",IF(TODAY()-A85>=41,"관리","")))
A86: 2026-03-10 | B86: 20260310-10260310-66328200 | C86: 2026-03-10 | D86: 2026-03-10 | E86: 403-81-84528 | G86: 주식회사 넷폼알앤디(NETFORM R&D Corp.) | H86: 이승우 | I86: 경기도 오산시 서동로 77, 1층,3층(서동) | J86: 416-81-21999 | L86: (주)부영씨엔씨 | M86: 정동진 | N86: 서울특별시 광진구 자양동 784-1 대동상가동 107 | O86: 6503200 | P86: 5912000 | Q86: 591200 | R86: 세금계산서 | S86: 일반 | T86: 인터넷발급 | U86: 기업은행 468-084895-04-017 넷폼알앤디 | V86: 청구 | W86: netform@netformrnd.com | X86: booyoung458@hanmail.net | Z86: 2026-03-10 | AA86: 자재대금 | AC86: 1 | AD86: 5,912,000 | AE86: 5912000 | AF86: 591200 | AG86: 잠실리센츠 | AH86: =IF(A86<>"", A86+40, "") -> 46131 | AK86: =(P86*1.1)-AJ86 -> 6503200 | AL86: =IF(OR(A86="",AK86=0),"",IF(TODAY()-A86>=91,"장기미수",IF(TODAY()-A86>=41,"관리",""))) -> 관리 | AN86: Y
A87: 2026-03-10 | B87: 20260310-10260310-66325503 | C87: 2026-03-10 | D87: 2026-03-10 | E87: 403-81-84528 | G87: 주식회사 넷폼알앤디(NETFORM R&D Corp.) | H87: 이승우 | I87: 경기도 오산시 서동로 77, 1층,3층(서동) | J87: 416-81-21999 | L87: (주)부영씨엔씨 | M87: 정동진 | N87: 서울특별시 광진구 자양동 784-1 대동상가동 107 | O87: 5491200 | P87: 4992000 | Q87: 499200 | R87: 세금계산서 | S87: 일반 | T87: 인터넷발급 | U87: 기업은행 468-084895-04-017 넷폼알앤디 | V87: 청구 | W87: netform@netformrnd.com | X87: booyoung458@hanmail.net | Z87: 2026-03-10 | AA87: 자재대금 | AC87: 1 | AD87: 4,992,000 | AE87: 4992000 | AF87: 499200 | AG87: 잠실리센츠 | AH87: =IF(A87<>"", A87+40, "") -> 46131 | AK87: =(P87*1.1)-AJ87 -> 5491200 | AL87: =IF(OR(A87="",AK87=0),"",IF(TODAY()-A87>=91,"장기미수",IF(TODAY()-A87>=41,"관리",""))) -> 관리 | AN87: Y
A88: 2026-03-10 | B88: 20260310-10260310-66319740 | C88: 2026-03-10 | D88: 2026-03-10 | E88: 403-81-84528 | G88: 주식회사 넷폼알앤디(NETFORM R&D Corp.) | H88: 이승우 | I88: 경기도 오산시 서동로 77, 1층,3층(서동) | J88: 662-88-01974 | L88: (주)케이원씨앤씨 | M88: 주용근 | N88: 경남 창원시 의창구 평산로 159번길 3,2층 201호 (서상동) | O88: 1045385 | P88: 950350 | Q88: 95035 | R88: 세금계산서 | S88: 일반 | T88: 인터넷발급 | U88: 기업은행 468-084895-04-017 넷폼알앤디 | V88: 청구 | W88: netform@netformrnd.com | X88: k1cnc@naver.com | Z88: 2026-03-10 | AA88: 자재대금 | AC88: 1 | AD88: 950,350 | AE88: 950350 | AF88: 95035 | AG88: 월산마을7단지 | AH88: =IF(A88<>"", A88+40, "") -> 46131 | AI88: 46091 | AJ88: =P88*1.1 -> 1045385 | AK88: =(P88*1.1)-AJ88 -> 0 | AL88: =IF(OR(A88="",AK88=0),"",IF(TODAY()-A88>=91,"장기미수",IF(TODAY()-A88>=41,"관리","")))
A89: 2026-03-10 | B89: 20260310-10260310-66315843 | C89: 2026-03-10 | D89: 2026-03-10 | E89: 403-81-84528 | G89: 주식회사 넷폼알앤디(NETFORM R&D Corp.) | H89: 이승우 | I89: 경기도 오산시 서동로 77, 1층,3층(서동) | J89: 129-86-59539 | L89: (주)모아씨앤에스 | M89: 이수근 | N89: 서울시 강서구 마곡중앙5로1길20 보타닉비즈타워 408, 409호 | O89: 847440 | P89: 770400 | Q89: 77040 | R89: 세금계산서 | S89: 일반 | T89: 인터넷발급 | U89: 기업은행 468-084895-04-017 넷폼알앤디 | V89: 청구 | W89: netform@netformrnd.com | X89: moa0477@daum.net | Z89: 2026-03-10 | AA89: 자재대금 | AC89: 1 | AD89: 770,400 | AE89: 770400 | AF89: 77040 | AG89: 수지동보1차 | AH89: =IF(A89<>"", A89+40, "") -> 46131 | AI89: 46142 | AJ89: =P89*1.1 -> 847440 | AK89: =(P89*1.1)-AJ89 -> 0 | AL89: =IF(OR(A89="",AK89=0),"",IF(TODAY()-A89>=91,"장기미수",IF(TODAY()-A89>=41,"관리","")))
A90: 2026-03-10 | B90: 20260310-10260310-65505469 | C90: 2026-03-10 | D90: 2026-03-10 | E90: 403-81-84528 | G90: 주식회사 넷폼알앤디(NETFORM R&D Corp.) | H90: 이승우 | I90: 경기도 오산시 서동로 77, 1층,3층(서동) | J90: 405-88-01008 | L90: 주식회사 이산이씨에프 | M90: 전충식 | N90: 경기도 남양주시 진접읍 장현로광동1길 6, 1층 3호 | O90: 520960 | P90: 473600 | Q90: 47360 | R90: 세금계산서 | S90: 일반 | T90: 인터넷발급 | U90: 기업은행 468-084895-04-017 넷폼알앤디 | V90: 청구 | W90: netform@netformrnd.com | X90: esanecf@daum.net | Z90: 2026-03-10 | AA90: 자재대금 | AC90: 1 | AD90: 473,600 | AE90: 473600 | AF90: 47360 | AG90: 오성빌라 | AH90: =IF(A90<>"", A90+40, "") -> 46131 | AI90: 46091 | AJ90: =P90*1.1 -> 520960 | AK90: =(P90*1.1)-AJ90 -> 0 | AL90: =IF(OR(A90="",AK90=0),"",IF(TODAY()-A90>=91,"장기미수",IF(TODAY()-A90>=41,"관리","")))
A91: 2026-03-11 | B91: 20260311-10260311-67488510 | C91: 2026-03-11 | D91: 2026-03-11 | E91: 403-81-84528 | G91: 주식회사 넷폼알앤디(NETFORM R&D Corp.) | H91: 이승우 | I91: 경기도 오산시 서동로 77, 1층,3층(서동) | J91: 605-81-61849 | L91: (주)세원산업개발 | M91: 송연숙 | N91: 부산광역시 연제구 월드컵대로243번길 19,상가23동 501호 | O91: 133650 | P91: 121500 | Q91: 12150 | R91: 세금계산서 | S91: 일반 | T91: 인터넷발급 | U91: 기업은행 468-084895-04-017 넷폼알앤디 | V91: 청구 | W91: netform@netformrnd.com | Y91: sewon301@hanmail.net | Z91: 2026-03-11 | AA91: 자재대금 | AC91: 1 | AD91: 121,500 | AE91: 121500 | AF91: 12150 | AG91: 주택 | AH91: =IF(A91<>"", A91+40, "") -> 46132 | AI91: 46101 | AJ91: =P91*1.1 -> 133650 | AK91: =(P91*1.1)-AJ91 -> 0 | AL91: =IF(OR(A91="",AK91=0),"",IF(TODAY()-A91>=91,"장기미수",IF(TODAY()-A91>=41,"관리","")))
A92: 2026-03-11 | B92: 20260311-10260311-67486947 | C92: 2026-03-11 | D92: 2026-03-11 | E92: 403-81-84528 | G92: 주식회사 넷폼알앤디(NETFORM R&D Corp.) | H92: 이승우 | I92: 경기도 오산시 서동로 77, 1층,3층(서동) | J92: 202-07-08742 | L92: (주)청명이앤디 | M92: 조민준 | N92: 경남 양산시 물금읍 부산대학로 150,대한빌딩 306호 | O92: 18500790 | P92: 16818900 | Q92: 1681890 | R92: 세금계산서 | S92: 일반 | T92: 인터넷발급 | U92: 기업은행 468-084895-04-017 넷폼알앤디 | V92: 청구 | W92: netform@netformrnd.com | X92: ekgks2023@naver.com | Z92: 2026-03-11 | AA92: 자재대금 | AC92: 1 | AD92: 16,818,900 | AE92: 16818900 | AF92: 1681890 | AG92: 도경오벨리스 | AH92: =IF(A92<>"", A92+40, "") -> 46132 | AI92: 46164 | AJ92: =P92*1.1 -> 18500790 | AK92: =(P92*1.1)-AJ92 -> 0 | AL92: =IF(OR(A92="",AK92=0),"",IF(TODAY()-A92>=91,"장기미수",IF(TODAY()-A92>=41,"관리","")))
A93: 2026-03-11 | B93: 20260311-10260311-67486443 | C93: 2026-03-11 | D93: 2026-03-11 | E93: 403-81-84528 | G93: 주식회사 넷폼알앤디(NETFORM R&D Corp.) | H93: 이승우 | I93: 경기도 오산시 서동로 77, 1층,3층(서동) | J93: 215-81-15555 | L93: (주)적산건설 | M93: 조영수 | N93: 서울특별시 송파구 새말로 157 ,401호(문정동) | O93: 324280 | P93: 294800 | Q93: 29480 | R93: 세금계산서 | S93: 일반 | T93: 인터넷발급 | U93: 기업은행 468-084895-04-017 넷폼알앤디 | V93: 청구 | W93: netform@netformrnd.com | X93: juek99@hanmail.net | Z93: 2026-03-11 | AA93: 자재대금 | AC93: 1 | AD93: 294,800 | AE93: 294800 | AF93: 29480 | AG93: 본사사무실 | AH93: =IF(A93<>"", A93+40, "") -> 46132 | AI93: 46101 | AJ93: =P93*1.1 -> 324280 | AK93: =(P93*1.1)-AJ93 -> 0 | AL93: =IF(OR(A93="",AK93=0),"",IF(TODAY()-A93>=91,"장기미수",IF(TODAY()-A93>=41,"관리","")))
A94: 2026-03-11 | B94: 20260311-10260311-67484303 | C94: 2026-03-11 | D94: 2026-03-11 | E94: 403-81-84528 | G94: 주식회사 넷폼알앤디(NETFORM R&D Corp.) | H94: 이승우 | I94: 경기도 오산시 서동로 77, 1층,3층(서동) | J94: 207-81-45460 | L94: (주)국제특수건설 | M94: 차희남 | N94: 서울특별시 강서구 화곡로68길821203(등촌동,강서아이티밸리) | O94: 353100 | P94: 321000 | Q94: 32100 | R94: 세금계산서 | S94: 일반 | T94: 인터넷발급 | U94: 기업은행 468-084895-04-017 넷폼알앤디 | V94: 청구 | W94: netform@netformrnd.com | X94: kukjesc@daum.net | Z94: 2026-03-11 | AA94: 자재대금 | AC94: 1 | AD94: 321,000 | AE94: 321000 | AF94: 32100 | AG94: 등촌임광그린 | AH94: =IF(A94<>"", A94+40, "") -> 46132 | AI94: 46136 | AJ94: =P94*1.1 -> 353100 | AK94: =(P94*1.1)-AJ94 -> 0 | AL94: =IF(OR(A94="",AK94=0),"",IF(TODAY()-A94>=91,"장기미수",IF(TODAY()-A94>=41,"관리","")))
A95: 2026-03-11 | B95: 20260311-10260311-67482761 | C95: 2026-03-11 | D95: 2026-03-11 | E95: 403-81-84528 | G95: 주식회사 넷폼알앤디(NETFORM R&D Corp.) | H95: 이승우 | I95: 경기도 오산시 서동로 77, 1층,3층(서동) | J95: 167-88-03142 | L95: (주)청람건설 | M95: 김다경 | N95: 부산광역시 사상구 주례로 101,1동 209-2호 | O95: 1402940 | P95: 1275400 | Q95: 127540 | R95: 세금계산서 | S95: 일반 | T95: 인터넷발급 | U95: 기업은행 468-084895-04-017 넷폼알앤디 | V95: 청구 | W95: netform@netformrnd.com | X95: chung2019@daum.net | Z95: 2026-03-11 | AA95: 자재대금 | AC95: 1 | AD95: 1,275,400 | AE95: 1275400 | AF95: 127540 | AG95: 오양힐타운 | AH95: =IF(A95<>"", A95+40, "") -> 46132 | AI95: 46154 | AJ95: =P95*1.1 -> 1402940 | AK95: =(P95*1.1)-AJ95 -> 0 | AL95: =IF(OR(A95="",AK95=0),"",IF(TODAY()-A95>=91,"장기미수",IF(TODAY()-A95>=41,"관리","")))
A96: 2026-03-11 | B96: 20260311-10260311-67479989 | C96: 2026-03-11 | D96: 2026-03-11 | E96: 403-81-84528 | G96: 주식회사 넷폼알앤디(NETFORM R&D Corp.) | H96: 이승우 | I96: 경기도 오산시 서동로 77, 1층,3층(서동) | J96: 416-81-21999 | L96: (주)부영씨엔씨 | M96: 정동진 | N96: 서울특별시 광진구 자양동 784-1 대동상가동 107 | O96: 12100000 | P96: 11000000 | Q96: 1100000 | R96: 세금계산서 | S96: 일반 | T96: 인터넷발급 | U96: 기업은행 468-084895-04-017 넷폼알앤디 | V96: 청구 | W96: netform@netformrnd.com | X96: booyoung458@hanmail.net | Z96: 2026-03-11 | AA96: 자재대금 | AC96: 1 | AD96: 11,000,000 | AE96: 11000000 | AF96: 1100000 | AG96: 잠실리센츠 | AH96: =IF(A96<>"", A96+40, "") -> 46132 | AK96: =(P96*1.1)-AJ96 -> 12100000 | AL96: =IF(OR(A96="",AK96=0),"",IF(TODAY()-A96>=91,"장기미수",IF(TODAY()-A96>=41,"관리",""))) -> 관리 | AN96: Y
A97: 2026-03-11 | B97: 20260311-10260311-67479370 | C97: 2026-03-11 | D97: 2026-03-11 | E97: 403-81-84528 | G97: 주식회사 넷폼알앤디(NETFORM R&D Corp.) | H97: 이승우 | I97: 경기도 오산시 서동로 77, 1층,3층(서동) | J97: 579-87-01622 | L97: (주)에이치제이건설 | M97: 노옥분 | N97: 경상남도 양산시 물금읍 야리3길 34, 부광타워 607 | O97: 6023050 | P97: 5475500 | Q97: 547550 | R97: 세금계산서 | S97: 일반 | T97: 인터넷발급 | U97: 기업은행 468-084895-04-017 넷폼알앤디 | V97: 청구 | W97: netform@netformrnd.com | X97: hj202002@naver.com | Z97: 2026-03-11 | AA97: 자재대금 | AC97: 1 | AD97: 5,475,500 | AE97: 5475500 | AF97: 547550 | AG97: 해운대센텀트루엘1단지 | AH97: =IF(A97<>"", A97+40, "") -> 46132 | AI97: 46171 | AJ97: =P97*1.1 -> 6023050 | AK97: =(P97*1.1)-AJ97 -> 0 | AL97: =IF(OR(A97="",AK97=0),"",IF(TODAY()-A97>=91,"장기미수",IF(TODAY()-A97>=41,"관리","")))
A98: 2026-03-12 | B98: 20260312-10260312-68123438 | C98: 2026-03-12 | D98: 2026-03-12 | E98: 403-81-84528 | G98: 주식회사 넷폼알앤디(NETFORM R&D Corp.) | H98: 이승우 | I98: 경기도 오산시 서동로 77, 1층,3층(서동) | J98: 405-88-01008 | L98: 주식회사 이산이씨에프 | M98: 전충식 | N98: 경기도 남양주시 진접읍 장현로광동1길 6, 1층 3호 | O98: 343200 | P98: 312000 | Q98: 31200 | R98: 세금계산서 | S98: 일반 | T98: 인터넷발급 | U98: 기업은행 468-084895-04-017 넷폼알앤디 | V98: 청구 | W98: netform@netformrnd.com | X98: esanecf@daum.net | Z98: 2026-03-12 | AA98: 자재대금 | AC98: 1 | AD98: 312,000 | AE98: 312000 | AF98: 31200 | AG98: 주택 | AH98: =IF(A98<>"", A98+40, "") -> 46133 | AI98: 46093 | AJ98: =P98*1.1 -> 343200 | AK98: =(P98*1.1)-AJ98 -> 0 | AL98: =IF(OR(A98="",AK98=0),"",IF(TODAY()-A98>=91,"장기미수",IF(TODAY()-A98>=41,"관리","")))
A99: 2026-03-12 | B99: 20260312-10260312-68121589 | C99: 2026-03-12 | D99: 2026-03-12 | E99: 403-81-84528 | G99: 주식회사 넷폼알앤디(NETFORM R&D Corp.) | H99: 이승우 | I99: 경기도 오산시 서동로 77, 1층,3층(서동) | J99: 616-87-01163 | L99: 혜성씨앤씨(주) | M99: 정영배 | N99: 서울특별시 금천구 가산디지털1로 205-27, 14층 1402호(가산동) | O99: 1100550 | P99: 1000500 | Q99: 100050 | R99: 세금계산서 | S99: 일반 | T99: 인터넷발급 | U99: 기업은행 468-084895-04-017 넷폼알앤디 | V99: 청구 | W99: netform@netformrnd.com | X99: hscnc2024@naver.com | Z99: 2026-03-12 | AA99: 자재대금 | AC99: 1 | AD99: 1,000,500 | AE99: 1000500 | AF99: 100050 | AG99: 문촌마을10단지동부 | AH99: =IF(A99<>"", A99+40, "") -> 46133 | AI99: 46142 | AJ99: =P99*1.1 -> 1100550 | AK99: =(P99*1.1)-AJ99 -> 0 | AL99: =IF(OR(A99="",AK99=0),"",IF(TODAY()-A99>=91,"장기미수",IF(TODAY()-A99>=41,"관리","")))
A100: 2026-03-12 | B100: 20260312-10260312-68121136 | C100: 2026-03-12 | D100: 2026-03-12 | E100: 403-81-84528 | G100: 주식회사 넷폼알앤디(NETFORM R&D Corp.) | H100: 이승우 | I100: 경기도 오산시 서동로 77, 1층,3층(서동) | J100: 122-86-21556 | L100: 삼정ING건설 | M100: 박정식 | N100: 인천광역시 계양구 임학동로 38(임학동,훼밀리코아 5층) | O100: 6352500 | P100: 5775000 | Q100: 577500 | R100: 세금계산서 | S100: 일반 | T100: 인터넷발급 | U100: 기업은행 468-084895-04-017 넷폼알앤디 | V100: 청구 | W100: netform@netformrnd.com | X100: samjung2012@hanmail.net | Z100: 2026-03-12 | AA100: 자재대금 | AC100: 1 | AD100: 5,775,000 | AE100: 5775000 | AF100: 577500 | AG100: 삼익세라믹1,2차 | AH100: =IF(A100<>"", A100+40, "") -> 46133 | AI100: 46126 | AJ100: =P100*1.1 -> 6352500 | AK100: =(P100*1.1)-AJ100 -> 0 | AL100: =IF(OR(A100="",AK100=0),"",IF(TODAY()-A100>=91,"장기미수",IF(TODAY()-A100>=41,"관리","")))
A101: 2026-03-12 | B101: 20260312-10260312-68120466 | C101: 2026-03-12 | D101: 2026-03-12 | E101: 403-81-84528 | G101: 주식회사 넷폼알앤디(NETFORM R&D Corp.) | H101: 이승우 | I101: 경기도 오산시 서동로 77, 1층,3층(서동) | J101: 836-87-03450 | L101: (주)대승이앤씨 | M101: 이종범 | N101: 인천광역시 계양구 안남로 573번길 17,5층 (효성동) | O101: 1309000 | P101: 1190000 | Q101: 119000 | R101: 세금계산서 | S101: 일반 | T101: 인터넷발급 | U101: 기업은행 468-084895-04-017 넷폼알앤디 | V101: 청구 | W101: netform@netformrnd.com | X101: daeseung2024@naver.com | Z101: 2026-03-12 | AA101: 자재대금 | AC101: 1 | AD101: 1,190,000 | AE101: 1190000 | AF101: 119000 | AG101: 은하마을주공1단지 | AH101: =IF(A101<>"", A101+40, "") -> 46133 | AI101: 46142 | AJ101: =P101*1.1 -> 1309000 | AK101: =(P101*1.1)-AJ101 -> 0 | AL101: =IF(OR(A101="",AK101=0),"",IF(TODAY()-A101>=91,"장기미수",IF(TODAY()-A101>=41,"관리","")))
A102: 2026-03-12 | B102: 20260312-10260312-68118787 | C102: 2026-03-12 | D102: 2026-03-12 | E102: 403-81-84528 | G102: 주식회사 넷폼알앤디(NETFORM R&D Corp.) | H102: 이승우 | I102: 경기도 오산시 서동로 77, 1층,3층(서동) | J102: 229-81-24543 | L102: 석진건설(주) | M102: 이인희 | N102: 서울특별시 강남구 논현로12길 19-6,4층(개포동,우도빌딩) | O102: 12262580 | P102: 11147800 | Q102: 1114780 | R102: 세금계산서 | S102: 일반 | T102: 인터넷발급 | U102: 기업은행 468-084895-04-017 넷폼알앤디 | V102: 청구 | W102: netform@netformrnd.com | X102: sukjin67@hanmail.net | Z102: 2026-03-12 | AA102: 자재대금 | AC102: 1 | AD102: 11,147,800 | AE102: 11147800 | AF102: 1114780 | AG102: 철산두산위브 | AH102: =IF(A102<>"", A102+40, "") -> 46133 | AI102: 46157 | AJ102: =P102*1.1 -> 12262580 | AK102: =(P102*1.1)-AJ102 -> 0 | AL102: =IF(OR(A102="",AK102=0),"",IF(TODAY()-A102>=91,"장기미수",IF(TODAY()-A102>=41,"관리","")))
A103: 2026-03-12 | B103: 20260312-10260312-68118180 | C103: 2026-03-12 | D103: 2026-03-12 | E103: 403-81-84528 | G103: 주식회사 넷폼알앤디(NETFORM R&D Corp.) | H103: 이승우 | I103: 경기도 오산시 서동로 77, 1층,3층(서동) | J103: 131-86-21114 | L103: (주)진성이앤지 | M103: 강성수 | N103: 경기도 고양시 일산서구 킨텍스로 240, 201동 1602호 | O103: 2874300 | P103: 2613000 | Q103: 261300 | R103: 세금계산서 | S103: 일반 | T103: 인터넷발급 | U103: 기업은행 468-084895-04-017 넷폼알앤디 | V103: 청구 | W103: netform@netformrnd.com | X103: jinsung7475@naver.com | Z103: 2026-03-12 | AA103: 자재대금 | AC103: 1 | AD103: 2,613,000 | AE103: 2613000 | AF103: 261300 | AG103: 중산11단지현대 | AH103: =IF(A103<>"", A103+40, "") -> 46133 | AI103: 46170 | AJ103: =P103*1.1 -> 2874300 | AK103: =(P103*1.1)-AJ103 -> 0 | AL103: =IF(OR(A103="",AK103=0),"",IF(TODAY()-A103>=91,"장기미수",IF(TODAY()-A103>=41,"관리","")))
A104: 2026-03-12 | B104: 20260312-10260312-68116399 | C104: 2026-03-12 | D104: 2026-03-12 | E104: 403-81-84528 | G104: 주식회사 넷폼알앤디(NETFORM R&D Corp.) | H104: 이승우 | I104: 경기도 오산시 서동로 77, 1층,3층(서동) | J104: 408-81-67484 | L104: 정광이엔씨 | M104: 박성배 | N104: 서울특별시 광진구 뚝섬로31길 11(자양동,2층) | O104: 8072900 | P104: 7339000 | Q104: 733900 | R104: 세금계산서 | S104: 일반 | T104: 인터넷발급 | U104: 기업은행 468-084895-04-017 넷폼알앤디 | V104: 청구 | W104: netform@netformrnd.com | X104: jungyoon0343@hanmail.net | Z104: 2026-03-12 | AA104: 자재대금 | AC104: 1 | AD104: 7,339,000 | AE104: 7339000 | AF104: 733900 | AG104: 광양금광1차 | AH104: =IF(A104<>"", A104+40, "") -> 46133 | AK104: =(P104*1.1)-AJ104 -> 8072900 | AL104: =IF(OR(A104="",AK104=0),"",IF(TODAY()-A104>=91,"장기미수",IF(TODAY()-A104>=41,"관리",""))) -> 관리
A105: 2026-03-13 | B105: 20260313-10260313-68596926 | C105: 2026-03-13 | D105: 2026-03-13 | E105: 403-81-84528 | G105: 주식회사 넷폼알앤디(NETFORM R&D Corp.) | H105: 이승우 | I105: 경기도 오산시 서동로 77, 1층,3층(서동) | J105: 221-23-28695 | L105: 미래산업개발 | M105: 윤정삼 | N105: 경기도 광주시 도척면 도척로 330번길 24, 라동 201호 (궁전빌라) | O105: 550550 | P105: 500500 | Q105: 50050 | R105: 세금계산서 | S105: 일반 | T105: 인터넷발급 | V105: 청구 | W105: netform@netformrnd.com | X105: ssyy3104@naver.com | Z105: 2026-03-13 | AA105: 자재대금 | AC105: 1 | AD105: 500,500 | AE105: 500500 | AF105: 50050 | AG105: 궁전빌라파트 | AH105: =IF(A105<>"", A105+40, "") -> 46134 | AK105: =(P105*1.1)-AJ105 -> 550550 | AL105: =IF(OR(A105="",AK105=0),"",IF(TODAY()-A105>=91,"장기미수",IF(TODAY()-A105>=41,"관리",""))) -> 관리
A106: 2026-03-13 | B106: 20260313-10260313-68584233 | C106: 2026-03-13 | D106: 2026-03-13 | E106: 403-81-84528 | G106: 주식회사 넷폼알앤디(NETFORM R&D Corp.) | H106: 이승우 | I106: 경기도 오산시 서동로 77, 1층,3층(서동) | J106: 416-81-21999 | L106: (주)부영씨엔씨 | M106: 정동진 | N106: 서울특별시 광진구 자양동 784-1 대동상가동 107 | O106: 3792800 | P106: 3448000 | Q106: 344800 | R106: 세금계산서 | S106: 일반 | T106: 인터넷발급 | U106: 기업은행 468-084895-04-017 넷폼알앤디 | V106: 청구 | W106: netform@netformrnd.com | X106: booyoung458@hanmail.net | Z106: 2026-03-13 | AA106: 자재대금 | AC106: 1 | AD106: 3,448,000 | AE106: 3448000 | AF106: 344800 | AG106: 잠실리센츠 | AH106: =IF(A106<>"", A106+40, "") -> 46134 | AK106: =(P106*1.1)-AJ106 -> 3792800 | AL106: =IF(OR(A106="",AK106=0),"",IF(TODAY()-A106>=91,"장기미수",IF(TODAY()-A106>=41,"관리",""))) -> 관리 | AN106: Y
A107: 2026-03-13 | B107: 20260313-10260313-68582678 | C107: 2026-03-13 | D107: 2026-03-13 | E107: 403-81-84528 | G107: 주식회사 넷폼알앤디(NETFORM R&D Corp.) | H107: 이승우 | I107: 경기도 오산시 서동로 77, 1층,3층(서동) | J107: 416-81-21999 | L107: (주)부영씨엔씨 | M107: 정동진 | N107: 서울특별시 광진구 자양동 784-1 대동상가동 107 | O107: 31625000 | P107: 28750000 | Q107: 2875000 | R107: 세금계산서 | S107: 일반 | T107: 인터넷발급 | U107: 기업은행 468-084895-04-017 넷폼알앤디 | V107: 청구 | W107: netform@netformrnd.com | X107: booyoung458@hanmail.net | Z107: 2026-03-13 | AA107: 자재대금 | AC107: 1 | AD107: 28,750,000 | AE107: 28750000 | AF107: 2875000 | AG107: 잠실리센츠 | AH107: =IF(A107<>"", A107+40, "") -> 46134 | AK107: =(P107*1.1)-AJ107 -> 31625000 | AL107: =IF(OR(A107="",AK107=0),"",IF(TODAY()-A107>=91,"장기미수",IF(TODAY()-A107>=41,"관리",""))) -> 관리 | AN107: Y
A108: 2026-03-13 | B108: 20260313-10260313-68582213 | C108: 2026-03-13 | D108: 2026-03-13 | E108: 403-81-84528 | G108: 주식회사 넷폼알앤디(NETFORM R&D Corp.) | H108: 이승우 | I108: 경기도 오산시 서동로 77, 1층,3층(서동) | J108: 113-81-52012 | L108: (주)국일구조 | M108: 정진명 | N108: 서울 구로구 구일로10길 27, 에스케이허브수 비동 211호 (구로동) | O108: 3773000 | P108: 3430000 | Q108: 343000 | R108: 세금계산서 | S108: 일반 | T108: 인터넷발급 | U108: 기업은행 468-084895-04-017 넷폼알앤디 | V108: 청구 | W108: netform@netformrnd.com | X108: kukil3282@naver.com | Z108: 2026-03-13 | AA108: 자재대금 | AC108: 1 | AD108: 3,430,000 | AE108: 3430000 | AF108: 343000 | AG108: 용현금호어울림4단지 | AH108: =IF(A108<>"", A108+40, "") -> 46134 | AI108: 46097 | AJ108: =P108*1.1 -> 3773000 | AK108: =(P108*1.1)-AJ108 -> 0 | AL108: =IF(OR(A108="",AK108=0),"",IF(TODAY()-A108>=91,"장기미수",IF(TODAY()-A108>=41,"관리","")))
A109: 2026-03-13 | B109: 20260313-10260313-68577983 | C109: 2026-03-13 | D109: 2026-03-13 | E109: 403-81-84528 | G109: 주식회사 넷폼알앤디(NETFORM R&D Corp.) | H109: 이승우 | I109: 경기도 오산시 서동로 77, 1층,3층(서동) | J109: 131-86-21114 | L109: (주)진성이앤지 | M109: 강성수 | N109: 경기도 고양시 일산서구 킨텍스로 240, 201동 1602호 | O109: 16170000 | P109: 14700000 | Q109: 1470000 | R109: 세금계산서 | S109: 일반 | T109: 인터넷발급 | U109: 기업은행 468-084895-04-017 넷폼알앤디 | V109: 청구 | W109: netform@netformrnd.com | X109: jinsung7475@naver.com | Z109: 2026-03-13 | AA109: 자재대금 | AC109: 1 | AD109: 14,700,000 | AE109: 14700000 | AF109: 1470000 | AG109: 수원로얄팰리스 | AH109: =IF(A109<>"", A109+40, "") -> 46134 | AK109: =(P109*1.1)-AJ109 -> 16170000 | AL109: =IF(OR(A109="",AK109=0),"",IF(TODAY()-A109>=91,"장기미수",IF(TODAY()-A109>=41,"관리",""))) -> 관리
A110: 2026-03-13 | B110: 20260313-10260313-68569357 | C110: 2026-03-13 | D110: 2026-03-13 | E110: 403-81-84528 | G110: 주식회사 넷폼알앤디(NETFORM R&D Corp.) | H110: 이승우 | I110: 경기도 오산시 서동로 77, 1층,3층(서동) | J110: 163-87-03143 | L110: (주)두영이앤씨 | M110: 김정숙 | N110: 경기도 용인시 기흥구 강남서로 9, 820호(구갈동, 아카데미프라자) | O110: 858000 | P110: 780000 | Q110: 78000 | R110: 세금계산서 | S110: 일반 | T110: 인터넷발급 | U110: 기업은행 468-084895-04-017 넷폼알앤디 | V110: 청구 | W110: netform@netformrnd.com | X110: doyoung_enc@naver.com | Z110: 2026-03-13 | AA110: 자재대금 | AC110: 1 | AD110: 780,000 | AE110: 780000 | AF110: 78000 | AG110: 백현마을경남아너스빌 | AH110: =IF(A110<>"", A110+40, "") -> 46134 | AI110: 46164 | AJ110: =P110*1.1 -> 858000 | AK110: =(P110*1.1)-AJ110 -> 0 | AL110: =IF(OR(A110="",AK110=0),"",IF(TODAY()-A110>=91,"장기미수",IF(TODAY()-A110>=41,"관리","")))
A111: 2026-03-13 | B111: 20260313-10260313-68565484 | C111: 2026-03-13 | D111: 2026-03-13 | E111: 403-81-84528 | G111: 주식회사 넷폼알앤디(NETFORM R&D Corp.) | H111: 이승우 | I111: 경기도 오산시 서동로 77, 1층,3층(서동) | J111: 121-81-17170 | L111: 엘케이개발(주) | M111: 김재명 | N111: 경기도 용인시 기흥구 흥덕2로87번길 18, 에이동 304호 | O111: 242110 | P111: 220100 | Q111: 22010 | R111: 세금계산서 | S111: 일반 | T111: 인터넷발급 | U111: 기업은행 468-084895-04-017 넷폼알앤디 | V111: 청구 | W111: netform@netformrnd.com | X111: lk2020k@daum.net | Z111: 2026-03-13 | AA111: 자재대금 | AC111: 1 | AD111: 220,100 | AE111: 220100 | AF111: 22010 | AG111: 기흥우방아이유쉘 | AH111: =IF(A111<>"", A111+40, "") -> 46134 | AI111: 46112 | AJ111: =P111*1.1 -> 242110 | AK111: =(P111*1.1)-AJ111 -> 0 | AL111: =IF(OR(A111="",AK111=0),"",IF(TODAY()-A111>=91,"장기미수",IF(TODAY()-A111>=41,"관리","")))
A112: 2026-03-17 | B112: 20260317-10260317-70390632 | C112: 2026-03-17 | D112: 2026-03-17 | E112: 403-81-84528 | G112: 주식회사 넷폼알앤디(NETFORM R&D Corp.) | H112: 이승우 | I112: 경기도 오산시 서동로 77, 1층,3층(서동) | J112: 509-88-01993 | L112: 코지건설(주) | M112: 이지훈 | N112: 경기도 수원시 팔달구 수성로 92, 2층 203호(화서동, 농민회관) | O112: 21414140 | P112: 19467400 | Q112: 1946740 | R112: 세금계산서 | S112: 일반 | T112: 인터넷발급 | U112: 기업은행 468-084895-04-017 넷폼알앤디 | V112: 청구 | W112: netform@netformrnd.com | X112: cozy2024@naver.com | Z112: 2026-03-17 | AA112: 자재대금 | AC112: 1 | AD112: 19,467,400 | AE112: 19467400 | AF112: 1946740 | AG112: 하계극동건영벽산 | AH112: =IF(A112<>"", A112+40, "") -> 46138 | AI112: 46141 | AJ112: =P112*1.1 -> 21414140 | AK112: =(P112*1.1)-AJ112 -> 0 | AL112: =IF(OR(A112="",AK112=0),"",IF(TODAY()-A112>=91,"장기미수",IF(TODAY()-A112>=41,"관리","")))
A113: 2026-03-17 | B113: 20260317-10260317-70390121 | C113: 2026-03-17 | D113: 2026-03-17 | E113: 403-81-84528 | G113: 주식회사 넷폼알앤디(NETFORM R&D Corp.) | H113: 이승우 | I113: 경기도 오산시 서동로 77, 1층,3층(서동) | J113: 509-88-01993 | L113: 코지건설(주) | M113: 이지훈 | N113: 경기도 수원시 팔달구 수성로 92, 2층 203호(화서동, 농민회관) | O113: 5241500 | P113: 4765000 | Q113: 476500 | R113: 세금계산서 | S113: 일반 | T113: 인터넷발급 | U113: *기업은행 468-084895-04-017 넷폼알앤디 | V113: 청구 | W113: netform@netformrnd.com | X113: cozy2024@naver.com | Z113: 2026-03-17 | AA113: 자재대금 | AC113: 1 | AD113: 4,765,000 | AE113: 4765000 | AF113: 476500 | AG113: 하계극동건영벽산 | AH113: =IF(A113<>"", A113+40, "") -> 46138 | AI113: 46141 | AJ113: =P113*1.1 -> 5241500 | AK113: =(P113*1.1)-AJ113 -> 0 | AL113: =IF(OR(A113="",AK113=0),"",IF(TODAY()-A113>=91,"장기미수",IF(TODAY()-A113>=41,"관리",""))) | AM113: OBM
A114: 2026-03-17 | B114: 20260317-10260317-70388515 | C114: 2026-03-17 | D114: 2026-03-17 | E114: 403-81-84528 | G114: 주식회사 넷폼알앤디(NETFORM R&D Corp.) | H114: 이승우 | I114: 경기도 오산시 서동로 77, 1층,3층(서동) | J114: 864-31-00922 | L114: 가온알앤씨 | M114: 이민규 | N114: 경기도 화성시 만세구 팔탄면 3.1만세로 804 A동, 204호 | O114: 1049950 | P114: 954500 | Q114: 95450 | R114: 세금계산서 | S114: 일반 | T114: 인터넷발급 | U114: 기업은행 468-084895-04-017 넷폼알앤디 | V114: 청구 | W114: netform@netformrnd.com | X114: 99732093@hanmail.net | Z114: 2026-03-17 | AA114: 자재대금 | AC114: 1 | AD114: 954,500 | AE114: 954500 | AF114: 95450 | AG114: 시흥참이슬아파트 | AH114: =IF(A114<>"", A114+40, "") -> 46138 | AK114: =(P114*1.1)-AJ114 -> 1049950 | AL114: =IF(OR(A114="",AK114=0),"",IF(TODAY()-A114>=91,"장기미수",IF(TODAY()-A114>=41,"관리",""))) -> 관리
A115: 2026-03-17 | B115: 20260317-10260317-70386969 | C115: 2026-03-17 | D115: 2026-03-17 | E115: 403-81-84528 | G115: 주식회사 넷폼알앤디(NETFORM R&D Corp.) | H115: 이승우 | I115: 경기도 오산시 서동로 77, 1층,3층(서동) | J115: 229-81-24543 | L115: 석진건설(주) | M115: 이인희 | N115: 서울특별시 강남구 논현로12길 19-6,4층(개포동,우도빌딩) | O115: 10594100 | P115: 9631000 | Q115: 963100 | R115: 세금계산서 | S115: 일반 | T115: 인터넷발급 | U115: 기업은행 468-084895-04-017 넷폼알앤디 | V115: 청구 | W115: netform@netformrnd.com | X115: sukjin67@hanmail.net | Z115: 2026-03-17 | AA115: 자재대금 | AC115: 1 | AD115: 9,631,000 | AE115: 9631000 | AF115: 963100 | AG115: 동탄더레이크팰리스 | AH115: =IF(A115<>"", A115+40, "") -> 46138 | AI115: 46157 | AJ115: =P115*1.1 -> 10594100 | AK115: =(P115*1.1)-AJ115 -> 0 | AL115: =IF(OR(A115="",AK115=0),"",IF(TODAY()-A115>=91,"장기미수",IF(TODAY()-A115>=41,"관리","")))
A116: 2026-03-17 | B116: 20260317-10260317-70386415 | C116: 2026-03-17 | D116: 2026-03-17 | E116: 403-81-84528 | G116: 주식회사 넷폼알앤디(NETFORM R&D Corp.) | H116: 이승우 | I116: 경기도 오산시 서동로 77, 1층,3층(서동) | J116: 616-87-01163 | L116: 혜성씨앤씨(주) | M116: 정영배 | N116: 서울특별시 금천구 가산디지털1로 205-27, 14층 1402호(가산동) | O116: 1919500 | P116: 1745000 | Q116: 174500 | R116: 세금계산서 | S116: 일반 | T116: 인터넷발급 | U116: 기업은행 468-084895-04-017 넷폼알앤디 | V116: 청구 | W116: netform@netformrnd.com | X116: hscnc2024@naver.com | Z116: 2026-03-17 | AA116: 자재대금 | AC116: 1 | AD116: 1,745,000 | AE116: 1745000 | AF116: 174500 | AG116: 문촌마을10단지동부 | AH116: =IF(A116<>"", A116+40, "") -> 46138 | AI116: 46142 | AJ116: =P116*1.1 -> 1919500 | AK116: =(P116*1.1)-AJ116 -> 0 | AL116: =IF(OR(A116="",AK116=0),"",IF(TODAY()-A116>=91,"장기미수",IF(TODAY()-A116>=41,"관리","")))
A117: 2026-03-17 | B117: 20260317-10260317-70384170 | C117: 2026-03-17 | D117: 2026-03-17 | E117: 403-81-84528 | G117: 주식회사 넷폼알앤디(NETFORM R&D Corp.) | H117: 이승우 | I117: 경기도 오산시 서동로 77, 1층,3층(서동) | J117: 509-88-01993 | L117: 코지건설(주) | M117: 이지훈 | N117: 경기도 수원시 팔달구 수성로 92, 2층 203호(화서동, 농민회관) | O117: 542740 | P117: 493400 | Q117: 49340 | R117: 세금계산서 | S117: 일반 | T117: 인터넷발급 | U117: 기업은행 468-084895-04-017 넷폼알앤디 | V117: 청구 | W117: netform@netformrnd.com | X117: cozy2024@naver.com | Z117: 2026-03-17 | AA117: 자재대금 | AC117: 1 | AD117: 493,400 | AE117: 493400 | AF117: 49340 | AG117: 평택비전지웰푸르지오 | AH117: =IF(A117<>"", A117+40, "") -> 46138 | AI117: 46141 | AJ117: =P117*1.1 -> 542740 | AK117: =(P117*1.1)-AJ117 -> 0 | AL117: =IF(OR(A117="",AK117=0),"",IF(TODAY()-A117>=91,"장기미수",IF(TODAY()-A117>=41,"관리","")))
A118: 2026-03-17 | B118: 20260317-10260317-70383256 | C118: 2026-03-17 | D118: 2026-03-17 | E118: 403-81-84528 | G118: 주식회사 넷폼알앤디(NETFORM R&D Corp.) | H118: 이승우 | I118: 경기도 오산시 서동로 77, 1층,3층(서동) | J118: 509-88-01993 | L118: 코지건설(주) | M118: 이지훈 | N118: 경기도 수원시 팔달구 수성로 92, 2층 203호(화서동, 농민회관) | O118: 3925020 | P118: 3568200 | Q118: 356820 | R118: 세금계산서 | S118: 일반 | T118: 인터넷발급 | V118: 청구 | W118: netform@netformrnd.com | X118: cozy2024@naver.com | Z118: 2026-03-17 | AA118: 자재대금 | AC118: 1 | AD118: 3,568,200 | AE118: 3568200 | AF118: 356820 | AG118: 동탄역시범리슈빌 | AH118: =IF(A118<>"", A118+40, "") -> 46138 | AI118: 46141 | AJ118: =P118*1.1 -> 3925020 | AK118: =(P118*1.1)-AJ118 -> 0 | AL118: =IF(OR(A118="",AK118=0),"",IF(TODAY()-A118>=91,"장기미수",IF(TODAY()-A118>=41,"관리","")))
A119: 2026-03-17 | B119: 20260317-10260317-70380584 | C119: 2026-03-17 | D119: 2026-03-17 | E119: 403-81-84528 | G119: 주식회사 넷폼알앤디(NETFORM R&D Corp.) | H119: 이승우 | I119: 경기도 오산시 서동로 77, 1층,3층(서동) | J119: 509-88-01993 | L119: 코지건설(주) | M119: 이지훈 | N119: 경기도 수원시 팔달구 수성로 92, 2층 203호(화서동, 농민회관) | O119: 4521330 | P119: 4110300 | Q119: 411030 | R119: 세금계산서 | S119: 일반 | T119: 인터넷발급 | U119: 기업은행 468-084895-04-017 넷폼알앤디 | V119: 청구 | W119: netform@netformrnd.com | X119: cozy2024@naver.com | Z119: 2026-03-17 | AA119: 자재대금 | AC119: 1 | AD119: 4,110,300 | AE119: 4110300 | AF119: 411030 | AG119: 동탄역시범리슈빌 | AH119: =IF(A119<>"", A119+40, "") -> 46138 | AI119: 46141 | AJ119: =P119*1.1 -> 4521330 | AK119: =(P119*1.1)-AJ119 -> 0 | AL119: =IF(OR(A119="",AK119=0),"",IF(TODAY()-A119>=91,"장기미수",IF(TODAY()-A119>=41,"관리","")))
A120: 2026-03-17 | B120: 20260317-10260317-70378602 | C120: 2026-03-17 | D120: 2026-03-17 | E120: 403-81-84528 | G120: 주식회사 넷폼알앤디(NETFORM R&D Corp.) | H120: 이승우 | I120: 경기도 오산시 서동로 77, 1층,3층(서동) | J120: 416-81-62200 | L120: (주)이음건설 | M120: 방영민 | N120: 서울특별시 강서구 공항대로220, 10층12호(마곡동, 우성에스비타워Ⅱ) | O120: 1450460 | P120: 1318600 | Q120: 131860 | R120: 세금계산서 | S120: 일반 | T120: 인터넷발급 | U120: 기업은행 468-084895-04-017 넷폼알앤디 | V120: 청구 | W120: netform@netformrnd.com | X120: ieum-enc@naver.com | Z120: 2026-03-17 | AA120: 자재대금 | AC120: 1 | AD120: 1,318,600 | AE120: 1318600 | AF120: 131860 | AG120: 민락엘레트19아파트 | AH120: =IF(A120<>"", A120+40, "") -> 46138 | AI120: 46105 | AJ120: =P120*1.1 -> 1450460 | AK120: =(P120*1.1)-AJ120 -> 0 | AL120: =IF(OR(A120="",AK120=0),"",IF(TODAY()-A120>=91,"장기미수",IF(TODAY()-A120>=41,"관리","")))
A121: 2026-03-17 | B121: 20260317-10260317-70377669 | C121: 2026-03-17 | D121: 2026-03-17 | E121: 403-81-84528 | G121: 주식회사 넷폼알앤디(NETFORM R&D Corp.) | H121: 이승우 | I121: 경기도 오산시 서동로 77, 1층,3층(서동) | J121: 812-88-01638 | L121: (주)스타건설 | M121: 김영민 | N121: 경기도 부천시 길주로 77번길 55-19,굿모닝프라자 701호 | O121: 3895650 | P121: 3541500 | Q121: 354150 | R121: 세금계산서 | S121: 일반 | T121: 인터넷발급 | U121: 기업은행 468-084895-04-017 넷폼알앤디 | V121: 청구 | W121: netform@netformrnd.com | X121: starcon2022@naver.com | Z121: 2026-03-17 | AA121: 자재대금 | AC121: 1 | AD121: 3,541,500 | AE121: 3541500 | AF121: 354150 | AG121: 삼호한아름2차 | AH121: =IF(A121<>"", A121+40, "") -> 46138 | AI121: 46126 | AJ121: =P121*1.1 -> 3895650 | AK121: =(P121*1.1)-AJ121 -> 0 | AL121: =IF(OR(A121="",AK121=0),"",IF(TODAY()-A121>=91,"장기미수",IF(TODAY()-A121>=41,"관리","")))
A122: 2026-03-17 | B122: 20260317-10260317-70375852 | C122: 2026-03-17 | D122: 2026-03-17 | E122: 403-81-84528 | G122: 주식회사 넷폼알앤디(NETFORM R&D Corp.) | H122: 이승우 | I122: 경기도 오산시 서동로 77, 1층,3층(서동) | J122: 129-86-59539 | L122: (주)모아씨앤에스 | M122: 이수근 | N122: 서울시 강서구 마곡중앙5로1길20 보타닉비즈타워 408, 409호 | O122: 3863530 | P122: 3512300 | Q122: 351230 | R122: 세금계산서 | S122: 일반 | T122: 인터넷발급 | U122: 기업은행 468-084895-04-017 넷폼알앤디 | V122: 청구 | W122: netform@netformrnd.com | X122: moa0477@daum.net | Z122: 2026-03-17 | AA122: 자재대금 | AC122: 1 | AD122: 3,512,300 | AE122: 3512300 | AF122: 351230 | AG122: 철원산호그린빌 | AH122: =IF(A122<>"", A122+40, "") -> 46138 | AI122: 46142 | AJ122: =P122*1.1 -> 3863530 | AK122: =(P122*1.1)-AJ122 -> 0 | AL122: =IF(OR(A122="",AK122=0),"",IF(TODAY()-A122>=91,"장기미수",IF(TODAY()-A122>=41,"관리","")))
A123: 2026-03-17 | B123: 20260317-10260317-70375349 | C123: 2026-03-17 | D123: 2026-03-17 | E123: 403-81-84528 | G123: 주식회사 넷폼알앤디(NETFORM R&D Corp.) | H123: 이승우 | I123: 경기도 오산시 서동로 77, 1층,3층(서동) | J123: 415-81-52034 | L123: 두레이앤씨(주) | M123: 김문성 | N123: 서울특별시 중랑구 동일로130길 57, 2층(중화동) | O123: 12100000 | P123: 11000000 | Q123: 1100000 | R123: 세금계산서 | S123: 일반 | T123: 인터넷발급 | U123: 기업은행 468-084895-04-017 넷폼알앤디 | V123: 청구 | W123: netform@netformrnd.com | X123: doore0577@hanmail.net | Z123: 2026-03-17 | AA123: 자재대금 | AC123: 1 | AD123: 11,000,000 | AE123: 11000000 | AF123: 1100000 | AG123: 헬리오시티 | AH123: =IF(A123<>"", A123+40, "") -> 46138 | AI123: 46142 | AJ123: =P123*1.1 -> 12100000 | AK123: =(P123*1.1)-AJ123 -> 0 | AL123: =IF(OR(A123="",AK123=0),"",IF(TODAY()-A123>=91,"장기미수",IF(TODAY()-A123>=41,"관리","")))
...

Sheet 2025현장 미수금관리
A3: 1. 컨설팅 매출 | G3: 선급금 | L3: 1차 중도금 | Q3: 2차 중도금 | W3: 잔금 | AJ3: 노임 | AN3: 차감내역 | AR3: 차감총액 | AW3: 자재 금액 - 판매
A4: 순 번 | B4: 착공일 | C4: 업체명 | D4: 현장명 | E4: 총실행가 | F4: 컨설팅 금액 | G4: 금액 | H4: 발행 | I4: 예정 | J4: 입금 | K4: 미수금액 | L4: 금액2 | M4: 발행3 | N4: 예정4 | O4: 입금5 | P4: 미수금액6 | Q4: 금액7 | R4: 발행8 | S4: 예정9 | T4: 입금10 | U4: 미수금액11 | V4: 중간 수금액 | W4: 금액12 | X4: 차감액 | Y4: 최종잔금 | Z4: 준공일 (A) | AA4: 발행13 | AB4: 예정14 | AC4: 입금 (B) | AD4: 정산 지연일 (A-B) | AE4: 미수금액2 | AF4: 최종수금액 | AG4: 미수금액 (계산서발행o) | AH4: 계산서 미발행액 | AJ4: 현장 소장 | AK4: 단가 | AL4: 노임 금액 | AM4: 추가노무비 | AN4: 안전관리비 | AO4: 장비대금 | AP4: 폐기물 | AQ4: 기타 | AW4: 자재 총액 | AX4: 이익금액 | AY4: 이익률
A5: 1 | B5: 45930 | C5: 일성기업 | D5: 산격대우 | E5: 239000000 | F5: =E5-AL5 -> 154976000 | G5: =F5*20% -> 30995200 | H5: 45930 | I5: 45945 | J5: 45959 | K5: =IF(COUNT(J5),0,G5) -> 0 | L5: =F5*40% -> 61990400 | M5: 45978 | N5: 46006 | O5: 46000 | P5: =IF(COUNT(O5),0,L5) -> 0 | U5: =IF(COUNT(T5),0,Q5) -> 0 | W5: =F5*40% -> 61990400 | X5: =AR5 -> 20752000 | Y5: =W5-X5 -> 41238400 | Z5: 46000 | AA5: 46022 | AB5: 46037 | AC5: 46035 | AE5: =IF(COUNT(AC5),0,Y5) -> 0 | AF5: =표1_3[[#This Row],[금액]]+표1_3[[#This Row],[금액2]]+표1_3[[#This Row],[최종잔금]] -> 134224000 | AG5: =(K5+P5+표1_3[[#This Row],[미수금액2]])-AH5 -> 0 | AH5: =SUM(IF(COUNTBLANK(H5),G5,0),IF(COUNTBLANK(M5),L5,0),IF(COUNTBLANK(AA5),Y5,0)) -> 0 | AJ5: 정상혁/신현섭 | AK5: 12000 | AL5: 84024000 | AM5: 19252000 | AP5: 1500000 | AR5: =SUM(AM5:AQ5) -> 20752000 | AW5: 120267500 | AX5: =표1_3[[#This Row],[총실행가]]-AL5-AR5-AW5 -> 13956500 | AY5: =AX5/표1_3[[#This Row],[총실행가]] -> 0.058395397
A6: 2 | B6: 45944 | C6: 한국전문건설 | D6: 이편한세상화랑대 | E6: =189500000+9500000 -> 199000000 | F6: =E6-AL6 -> 130228000 | G6: 36218400 | H6: 45945 | I6: 45961 | J6: 46022 | K6: =IF(COUNT(J6),0,G6) -> 0 | L6: 48291200 | M6: 45980 | N6: 45989 | O6: 46039 | P6: =IF(COUNT(O6),0,L6) -> 0 | U6: =IF(COUNT(T6),0,Q6) -> 0 | V6: =표1_3[[#This Row],[금액]]+표1_3[[#This Row],[금액2]] -> 84509600 | W6: =표1_3[[#This Row],[컨설팅 금액]]-표1_3[[#This Row],[금액]]-표1_3[[#This Row],[금액2]] -> 45718400 | X6: =AR6 -> 7479000 | Y6: =W6-X6 -> 38239400 | Z6: 46002 | AA6: 46015 | AB6: 46022 | AE6: =IF(COUNT(AC6),0,Y6) -> 38239400 | AF6: =표1_3[[#This Row],[금액]]+표1_3[[#This Row],[금액2]]+표1_3[[#This Row],[최종잔금]] -> 122749000 | AG6: =(K6+P6+표1_3[[#This Row],[미수금액2]])-AH6 -> 38239400 | AH6: =SUM(IF(COUNTBLANK(H6),G6,0),IF(COUNTBLANK(M6),L6,0),IF(COUNTBLANK(AA6),Y6,0)) -> 0 | AJ6: 백우현/윤성환 | AK6: 11000 | AL6: =6252*AK6 -> 68772000 | AM6: 5199000 | AP6: 2280000 | AR6: =SUM(AM6:AQ6) -> 7479000 | AW6: 102243400 | AX6: =표1_3[[#This Row],[총실행가]]-AL6-AR6-AW6 -> 20505600 | AY6: =AX6/표1_3[[#This Row],[총실행가]] -> 0.10304322
A7: 3 | B7: 45946 | C7: 엘케이개발 | D7: 율전삼성2단지 | E7: =131600000+8000000 -> 139600000 | F7: =E7-AL7 -> 83824000 | G7: 15164800 | H7: 45954 | I7: 45976 | J7: 45996 | K7: =IF(COUNT(J7),0,G7) -> 0 | L7: 30329600 | M7: 45975 | N7: 45989 | O7: 45996 | P7: =IF(COUNT(O7),0,L7) -> 0 | Q7: 23731600 | R7: 46006 | T7: 46015 | U7: =IF(COUNT(T7),0,Q7) -> 0 | V7: =표1_3[[#This Row],[금액]]+표1_3[[#This Row],[금액2]]+표1_3[[#This Row],[금액7]] -> 69226000 | W7: =표1_3[[#This Row],[컨설팅 금액]]-표1_3[[#This Row],[금액]]-표1_3[[#This Row],[금액2]] -> 38329600 | X7: =AR7 -> 8598000 | Y7: =W7-X7-표1_3[[#This Row],[금액7]] -> 6000000 | Z7: 45992 | AA7: 46006 | AB7: 46022 | AC7: 46077 | AE7: =IF(COUNT(AC7),0,Y7) -> 0 | AF7: =표1_3[[#This Row],[금액]]+표1_3[[#This Row],[금액2]]+표1_3[[#This Row],[최종잔금]] -> 51494400 | AG7: =(K7+P7+표1_3[[#This Row],[미수금액2]])-AH7 -> 0 | AH7: =SUM(IF(COUNTBLANK(H7),G7,0),IF(COUNTBLANK(M7),L7,0),IF(COUNTBLANK(AA7),Y7,0)) -> 0 | AJ7: 이용암 | AK7: 12000 | AL7: 55776000 | AM7: 6898000 | AO7: 1000000 | AP7: 700000 | AR7: 8598000 | AW7: 48873800 | AX7: =표1_3[[#This Row],[총실행가]]-AL7-AR7-AW7 -> 26352200 | AY7: =AX7/표1_3[[#This Row],[총실행가]] -> 0.18876934
A8: 4 | B8: 45965 | C8: 도경 | D8: 광명 | E8: 93600000 | F8: =E8-AL8 -> 46100000 | G8: =F8*20% -> 9220000 | H8: 45966 | I8: 45976 | J8: 45975 | K8: =IF(COUNT(J8),0,G8) -> 0 | L8: =F8*40% -> 18440000 | M8: 45986 | N8: 46006 | O8: 46006 | P8: =IF(COUNT(O8),0,L8) -> 0 | U8: =IF(COUNT(T8),0,Q8) -> 0 | V8: =표1_3[[#This Row],[금액]]+표1_3[[#This Row],[금액2]] -> 27660000 | W8: =F8*40% -> 18440000 | X8: =AR8 -> 4050000 | Y8: =W8-X8 -> 14390000 | Z8: 45992 | AA8: 46002 | AB8: 46022 | AC8: 46037 | AE8: =IF(COUNT(AC8),0,Y8) -> 0 | AF8: =표1_3[[#This Row],[금액]]+표1_3[[#This Row],[금액2]]+표1_3[[#This Row],[최종잔금]] -> 42050000 | AG8: =(K8+P8+표1_3[[#This Row],[미수금액2]])-AH8 -> 0 | AH8: =SUM(IF(COUNTBLANK(H8),G8,0),IF(COUNTBLANK(M8),L8,0),IF(COUNTBLANK(AA8),Y8,0)) -> 0 | AJ8: 김원규 | AK8: 옥탑 190만원 | AL8: 47500000 | AO8: 1200000 | AP8: 2850000 | AR8: 4050000 | AW8: 24030000 | AX8: =표1_3[[#This Row],[총실행가]]-AL8-AR8-AW8 -> 18020000 | AY8: =AX8/표1_3[[#This Row],[총실행가]] -> 0.19252137
A9: 5 | B9: 45973 | C9: 혜성씨앤씨 | D9: 호계신성미소지움 | E9: 105000000 | F9: =E9-AL9 -> 56686000 | G9: 13387200 | H9: 45973 | I9: 45989 | J9: 46006 | K9: =IF(COUNT(J9),0,G9) -> 0 | L9: 13750000 | M9: 46007 | N9: 46052 | O9: 46063 | P9: =IF(COUNT(O9),0,L9) -> 0 | U9: =IF(COUNT(T9),0,Q9) -> 0 | V9: =표1_3[[#This Row],[금액]] -> 13387200 | W9: 29548800 | X9: =AR9 -> 14950000 | Y9: =W9-X9 -> 14598800 | Z9: 46009 | AA9: 46015 | AB9: 46052 | AC9: 46063 | AE9: =IF(COUNT(AC9),0,Y9) -> 0 | AF9: =표1_3[[#This Row],[금액]]+표1_3[[#This Row],[금액2]]+표1_3[[#This Row],[최종잔금]] -> 41736000 | AG9: =(K9+P9+표1_3[[#This Row],[미수금액2]])-AH9 -> 0 | AH9: =SUM(IF(COUNTBLANK(H9),G9,0),IF(COUNTBLANK(M9),L9,0),IF(COUNTBLANK(AA9),Y9,0)) -> 0 | AJ9: 조재부/이용암 | AK9: 12000 | AL9: =38064000+10250000 -> 48314000 | AP9: 950000 | AQ9: 14000000 | AR9: =SUM(AM9:AQ9) -> 14950000 | AW9: 48368500 | AX9: =표1_3[[#This Row],[총실행가]]-AL9-AR9-AW9 -> -6632500 | AY9: =AX9/표1_3[[#This Row],[총실행가]] -> -0.063166667
A10: 6 | B10: 45980 | C10: 삼성리페어링 | D10: 신도림쌍용플래티넘노블 | E10: 12200000 | F10: 7500000 | K10: 0 | P10: 0 | U10: 0 | W10: 7500000 | X10: 1050000 | Y10: 6450000 | Z10: 45993 | AA10: 46006 | AB10: 46022 | AC10: 46052 | AE10: =IF(COUNT(AC10),0,Y10) -> 0 | AF10: =표1_3[[#This Row],[금액]]+표1_3[[#This Row],[금액2]]+표1_3[[#This Row],[최종잔금]] -> 6450000 | AG10: =(K10+P10+표1_3[[#This Row],[미수금액2]])-AH10 -> 0 | AH10: 0 | AJ10: 박성훈/장진호 | AL10: 4700000 | AM10: 1000000 | AP10: 50000 | AR10: 1050000 | AW10: 3262164 | AX10: =표1_3[[#This Row],[총실행가]]-AL10-AR10-AW10 -> 3187836 | AY10: =AX10/표1_3[[#This Row],[총실행가]] -> 0.26129803
A11: 7 | B11: 45797 | C11: 적산건설 | D11: 원주기업도시2차 호반베르디움 | E11: 184400000 | F11: =표1_3[[#This Row],[총실행가]]-AL11 -> 118854000 | G11: =F11*20% -> 23770800 | H11: 45797 | I11: 45838 | K11: =IF(COUNT(J11),0,G11) -> 23770800 | L11: =F11*40% -> 47541600 | M11: 45817 | N11: 45838 | P11: =IF(COUNT(O11),0,L11) -> 47541600 | U11: =IF(COUNT(T11),0,Q11) -> 0 | W11: =F11*40% -> 47541600 | X11: =AR11 -> 550000 | Y11: =W11-X11 -> 46991600 | Z11: 45815 | AA11: 45832 | AB11: 45853 | AE11: =IF(COUNT(AC11),0,Y11) -> 46991600 | AF11: =표1_3[[#This Row],[금액]]+표1_3[[#This Row],[금액2]]+표1_3[[#This Row],[최종잔금]] -> 118304000 | AG11: =(K11+P11+표1_3[[#This Row],[미수금액2]])-AH11 -> 118304000 | AH11: =SUM(IF(COUNTBLANK(H11),G11,0),IF(COUNTBLANK(M11),L11,0),IF(COUNTBLANK(AA11),Y11,0)) -> 0 | AJ11: 김병석 | AK11: 13000 | AL11: 65546000 | AP11: 550000 | AR11: 550000 | AW11: 81545500 | AX11: =표1_3[[#This Row],[총실행가]]-AL11-AR11-AW11 -> 36758500 | AY11: =AX11/표1_3[[#This Row],[총실행가]] -> 0.19934111
A12: 8 | B12: 45853 | C12: 한국전문건설 | D12: 오창롯데캐슬더하이스트 | E12: 389400000 | F12: =E12-AL12 -> 233706000 | G12: =F12*10% -> 23370600 | H12: 45855 | I12: 45877 | J12: 45877 | K12: =IF(COUNT(J12),0,G12) -> 0 | L12: =F12*40% -> 93482400 | M12: 45915 | N12: 45976 | P12: =IF(COUNT(O12),0,L12) -> 93482400 | U12: =IF(COUNT(T12),0,Q12) -> 0 | V12: =표1_3[[#This Row],[금액]] -> 23370600 | W12: =F12*50% -> 116853000 | X12: =AR12 -> 2400000 | Y12: =W12-X12 -> 114453000 | Z12: 45964 | AA12: 45972 | AB12: 45989 | AE12: =IF(COUNT(AC12),0,Y12) -> 114453000 | AF12: =표1_3[[#This Row],[금액]]+표1_3[[#This Row],[금액2]]+표1_3[[#This Row],[최종잔금]] -> 231306000 | AG12: =(K12+P12+표1_3[[#This Row],[미수금액2]])-AH12 -> 207935400 | AH12: =SUM(IF(COUNTBLANK(H12),G12,0),IF(COUNTBLANK(M12),L12,0),IF(COUNTBLANK(AA12),Y12,0)) -> 0 | AJ12: 조재부/조병철 | AK12: 14000 | AL12: 155694000 | AP12: 2400000 | AR12: 2400000 | AW12: 188438100 | AX12: =표1_3[[#This Row],[총실행가]]-AL12-AR12-AW12 -> 42867900 | AY12: =AX12/표1_3[[#This Row],[총실행가]] -> 0.11008706
AE13: =IF(COUNT(AC13),0,Y13) -> 0 | AF13: =표1_3[[#This Row],[금액]]+표1_3[[#This Row],[금액2]]+표1_3[[#This Row],[최종잔금]] -> 0 | AG13: =(K13+P13+표1_3[[#This Row],[미수금액2]])-AH13 -> 0
A14: 1 | B14: 45912 | C14: 석민이앤씨 | D14: 아시아선수촌 | E14: 430000000 | F14: =E14-AL14 -> 261710000 | G14: =F14*20% -> 52342000 | H14: 45932 | I14: 45961 | J14: 45945 | K14: =IF(COUNT(J14),0,G14) -> 0 | L14: =F14*40% -> 104684000 | M14: 45975 | N14: 46006 | O14: 46006 | P14: =IF(COUNT(O14),0,L14) -> 0 | U14: =IF(COUNT(T14),0,Q14) -> 0 | V14: =표1_3[[#This Row],[금액]]+표1_3[[#This Row],[금액2]] -> 157026000 | W14: =F14*40% -> 104684000 | X14: =AR14 -> 0 | Y14: =W14-X14 -> 104684000 | Z14: 46010 | AA14: 46038 | AB14: 46080 | AC14: 46072 | AE14: =IF(COUNT(AC14),0,Y14) -> 0 | AF14: =표1_3[[#This Row],[금액]]+표1_3[[#This Row],[금액2]]+표1_3[[#This Row],[최종잔금]] -> 261710000 | AG14: =(K14+P14+표1_3[[#This Row],[미수금액2]])-AH14 -> 0 | AH14: =SUM(IF(COUNTBLANK(H14),G14,0),IF(COUNTBLANK(M14),L14,0),IF(COUNTBLANK(AA14),Y14,0)) -> 0 | AJ14: 이준경/장진호 | AK14: 12000 | AL14: 168290000 | AR14: =SUM(AM14:AQ14) -> 0 | AW14: 180715300 | AX14: =표1_3[[#This Row],[총실행가]]-AL14-AR14-AW14 -> 80994700 | AY14: =AX14/표1_3[[#This Row],[총실행가]] -> 0.18835977
A15: 2 | B15: 45923 | C15: 명하씨앤씨 | D15: 은빛마을6단지프라웰 | E15: 285000000 | F15: =E15-AL15 -> 181233000 | K15: =IF(COUNT(J15),0,G15) -> 0 | L15: 108811800 | M15: 45954 | N15: 45976 | O15: 45978 | P15: =IF(COUNT(O15),0,L15) -> 0 | U15: =IF(COUNT(T15),0,Q15) -> 0 | V15: =표1_3[[#This Row],[금액2]] -> 108811800 | W15: =표1_3[[#This Row],[컨설팅 금액]]-표1_3[[#This Row],[금액2]] -> 72421200 | X15: =AR15 -> 75740000 | Y15: =W15-X15 -> -3318800 | Z15: 46013 | AA15: 46010 | AC15: 46035 | AE15: =IF(COUNT(AC15),0,Y15) -> 0 | AF15: =표1_3[[#This Row],[금액]]+표1_3[[#This Row],[금액2]]+표1_3[[#This Row],[최종잔금]] -> 105493000 | AG15: =(K15+P15+표1_3[[#This Row],[미수금액2]])-AH15 -> 0 | AH15: =SUM(IF(COUNTBLANK(H15),G15,0),IF(COUNTBLANK(M15),L15,0),IF(COUNTBLANK(AA15),Y15,0)) -> 0 | AJ15: 김용재 | AK15: 12,000/15,000 | AL15: 103767000 | AM15: 23440000 | AO15: 50300000 | AP15: 2000000 | AR15: =SUM(AM15:AQ15) -> 75740000 | AW15: 84295700 | AX15: =표1_3[[#This Row],[총실행가]]-AL15-AR15-AW15 -> 21197300 | AY15: =AX15/표1_3[[#This Row],[총실행가]] -> 0.074376491
A16: 3 | B16: 45950 | C16: 부영씨엔씨 | D16: 탑마을 타워빌 | E16: 425790000 | F16: =E16-AL16 -> 303876000 | G16: 91762800 | H16: 45947 | I16: 45976 | J16: 46091 | K16: =IF(COUNT(J16),0,G16) -> 0 | L16: 91762800 | M16: 45965 | N16: 45989 | P16: =IF(COUNT(O16),0,L16) -> 91762800 | U16: =IF(COUNT(T16),0,Q16) -> 0 | W16: =표1_3[[#This Row],[컨설팅 금액]]-표1_3[[#This Row],[금액]]-표1_3[[#This Row],[금액2]] -> 120350400 | X16: =AR16 -> 1300000 | Y16: =W16-X16 -> 119050400 | AE16: =IF(COUNT(AC16),0,Y16) -> 119050400 | AF16: =표1_3[[#This Row],[금액]]+표1_3[[#This Row],[금액2]]+표1_3[[#This Row],[최종잔금]] -> 302576000 | AG16: =(K16+P16+표1_3[[#This Row],[미수금액2]])-AH16 -> 91762800 | AH16: =SUM(IF(COUNTBLANK(H16),G16,0),IF(COUNTBLANK(M16),L16,0),IF(COUNTBLANK(AA16),Y16,0)) -> 119050400 | AJ16: 이성수 신현섭/윤성환 | AK16: 13000 | AL16: 121914000 | AO16: 1300000 | AR16: =SUM(AM16:AQ16) -> 1300000 | AX16: =표1_3[[#This Row],[총실행가]]-AL16-AR16-AW16 -> 302576000 | AY16: =AX16/표1_3[[#This Row],[총실행가]] -> 0.71062261
A17: 4 | B17: 45957 | C17: 이음건설 | D17: 행원마을 동아솔레시티 | E17: 450000000 | F17: =E17-AL17 -> 272578000 | G17: =F17*20% -> 54515600 | H17: 45964 | I17: 45976 | J17: 45970 | K17: =IF(COUNT(J17),0,G17) -> 0 | L17: =F17*40% -> 109031200 | P17: =IF(COUNT(O17),0,L17) -> 109031200 | U17: =IF(COUNT(T17),0,Q17) -> 0 | V17: =표1_3[[#This Row],[금액]] -> 54515600 | W17: =F17*40% -> 109031200 | X17: =AR17 -> 0 | Y17: =W17-X17 -> 109031200 | AE17: =IF(COUNT(AC17),0,Y17) -> 109031200 | AF17: =표1_3[[#This Row],[금액]]+표1_3[[#This Row],[금액2]]+표1_3[[#This Row],[최종잔금]] -> 272578000 | AG17: =(K17+P17+표1_3[[#This Row],[미수금액2]])-AH17 -> 0 | AH17: =SUM(IF(COUNTBLANK(H17),G17,0),IF(COUNTBLANK(M17),L17,0),IF(COUNTBLANK(AA17),Y17,0)) -> 218062400 | AJ17: 조종억 | AK17: 19000 | AL17: 177422000 | AR17: =SUM(AM17:AQ17) -> 0 | AX17: =표1_3[[#This Row],[총실행가]]-AL17-AR17-AW17 -> 272578000 | AY17: =AX17/표1_3[[#This Row],[총실행가]] -> 0.60572889
A18: 5 | B18: 45943 | C18: 에이치제이건설 | D18: 해운대 센텀트루엘 | F18: 133800000 | G18: =F18*20% -> 26760000 | H18: 45967 | I18: 45989 | K18: =IF(COUNT(J18),0,G18) -> 26760000 | L18: =F18*40% -> 53520000 | M18: 46010 | N18: 46022 | P18: =IF(COUNT(O18),0,L18) -> 53520000 | U18: =IF(COUNT(T18),0,Q18) -> 0 | W18: =F18*40% -> 53520000 | X18: =AR18 -> 0 | Y18: =W18-X18 -> 53520000 | AE18: =IF(COUNT(AC18),0,Y18) -> 53520000 | AF18: =표1_3[[#This Row],[금액]]+표1_3[[#This Row],[금액2]]+표1_3[[#This Row],[최종잔금]] -> 133800000 | AG18: =(K18+P18+표1_3[[#This Row],[미수금액2]])-AH18 -> 80280000 | AH18: =SUM(IF(COUNTBLANK(H18),G18,0),IF(COUNTBLANK(M18),L18,0),IF(COUNTBLANK(AA18),Y18,0)) -> 53520000 | AR18: =SUM(AM18:AQ18) -> 0 | AX18: =표1_3[[#This Row],[총실행가]]-AL18-AR18-AW18 -> 0 | AY18: =AX18/표1_3[[#This Row],[총실행가]] -> #DIV/0!
A19: 6 | B19: 45979 | C19: 석민이앤씨 | D19: 강서힐스테이트 | E19: 114700000 | F19: =E19-AL19 -> 59588500 | G19: =F19*20% -> 11917700 | H19: 45979 | I19: 45989 | J19: 45989 | K19: =IF(COUNT(J19),0,G19) -> 0 | L19: =F19*40% -> 23835400 | P19: =IF(COUNT(O19),0,L19) -> 23835400 | U19: =IF(COUNT(T19),0,Q19) -> 0 | V19: =표1_3[[#This Row],[금액]] -> 11917700 | W19: =F19*40% -> 23835400 | X19: =AR19 -> 0 | Y19: =W19-X19 -> 23835400 | AE19: =IF(COUNT(AC19),0,Y19) -> 23835400 | AF19: =표1_3[[#This Row],[금액]]+표1_3[[#This Row],[금액2]]+표1_3[[#This Row],[최종잔금]] -> 59588500 | AG19: =(K19+P19+표1_3[[#This Row],[미수금액2]])-AH19 -> 0 | AH19: =SUM(IF(COUNTBLANK(H19),G19,0),IF(COUNTBLANK(M19),L19,0),IF(COUNTBLANK(AA19),Y19,0)) -> 47670800 | AJ19: 이성수 | AK19: 18500 | AL19: 55111500 | AR19: =SUM(AM19:AQ19) -> 0 | AX19: =표1_3[[#This Row],[총실행가]]-AL19-AR19-AW19 -> 59588500 | AY19: =AX19/표1_3[[#This Row],[총실행가]] -> 0.51951613
A20: 7 | B20: 45987 | C20: 여름건설 | D20: 원불교안암교당 | E20: 46890000 | F20: =E20-AL20 -> 36890000 | G20: =F20*40% -> 14756000 | H20: 45988 | I20: 46006 | J20: 45989 | K20: =IF(COUNT(J20),0,G20) -> 0 | L20: =F20*40% -> 14756000 | P20: =IF(COUNT(O20),0,L20) -> 14756000 | U20: =IF(COUNT(T20),0,Q20) -> 0 | V20: =표1_3[[#This Row],[금액]] -> 14756000 | W20: =F20*20% -> 7378000 | X20: =AR20 -> 0 | Y20: =W20-X20 -> 7378000 | AE20: =IF(COUNT(AC20),0,Y20) -> 7378000 | AF20: =표1_3[[#This Row],[금액]]+표1_3[[#This Row],[금액2]]+표1_3[[#This Row],[최종잔금]] -> 36890000 | AG20: =(K20+P20+표1_3[[#This Row],[미수금액2]])-AH20 -> 0 | AH20: =SUM(IF(COUNTBLANK(H20),G20,0),IF(COUNTBLANK(M20),L20,0),IF(COUNTBLANK(AA20),Y20,0)) -> 22134000 | AJ20: 조병철/손영구 | AK20: 14000 | AL20: 10000000 | AR20: =SUM(AM20:AQ20) -> 0 | AX20: =표1_3[[#This Row],[총실행가]]-AL20-AR20-AW20 -> 36890000 | AY20: =AX20/표1_3[[#This Row],[총실행가]] -> 0.78673491
A21: 8 | B21: 46000 | C21: 신화건설 | D21: 광명노온정수장 | E21: 14500000 | F21: =E21-AL21 -> 10336000 | K21: =IF(COUNT(J21),0,G21) -> 0 | P21: =IF(COUNT(O21),0,L21) -> 0 | U21: =IF(COUNT(T21),0,Q21) -> 0 | W21: =F21 -> 10336000 | X21: =AR21 -> 0 | Y21: =W21-X21 -> 10336000 | Z21: 46003 | AE21: =IF(COUNT(AC21),0,Y21) -> 10336000 | AF21: =표1_3[[#This Row],[금액]]+표1_3[[#This Row],[금액2]]+표1_3[[#This Row],[최종잔금]] -> 10336000 | AG21: =(K21+P21+표1_3[[#This Row],[미수금액2]])-AH21 -> 0 | AH21: =SUM(IF(COUNTBLANK(H21),G21,0),IF(COUNTBLANK(M21),L21,0),IF(COUNTBLANK(AA21),Y21,0)) -> 10336000 | AJ21: 정상혁 | AK21: 12000 | AL21: 4164000 | AR21: =SUM(AM21:AQ21) -> 0 | AX21: =표1_3[[#This Row],[총실행가]]-AL21-AR21-AW21 -> 10336000 | AY21: =AX21/표1_3[[#This Row],[총실행가]] -> 0.71282759
J23: =IF(COUNT(I57),0,F57) -> 0
A24: 2. 특허료 매출 | F24: 특허 자문료 (1%)-A | K24: 특허 자문료 (0.5%)-B | P24: 수금관련 | R24: 비고
A25: 순 번 | B25: 특허 자문료 공문 발송 일자 | C25: 업체명 | D25: 현장명 | E25: 낙찰 금액 | F25: 금액 | G25: 발행 | H25: 예정 | I25: 입금 | J25: 미수금액 | K25: 금액2 | L25: 발행3 | M25: 예정4 | N25: 입금5 | O25: 미수금액6 | P25: 수금액 | Q25: 미수금액2
A26: 1 | B26: 45597 | C26: 신화건설 | D26: 금곡하나 | E26: 136000000 | F26: =E26*1% -> 1360000 | G26: 45597 | H26: 45688 | I26: 45664 | J26: =IF(COUNT(I26),0,F26) -> 0 | O26: =IF(COUNT(N26),0,K26) -> 0 | P26: =F26 -> 1360000 | Q26: =IF(COUNT(O26),0,L26) -> 0
A27: =A26+1 -> 2 | B27: 45665 | C27: 초담건설 | D27: 마곡수명산파크2단지 | E27: 226400000 | J27: =IF(COUNT(I27),0,F27) -> 0 | K27: =E27*0.5% -> 1132000 | L27: 45665 | M27: 45665 | N27: 45665 | O27: =IF(COUNT(N27),0,K27) -> 0 | P27: =K27 -> 1132000
A28: =A27+1 -> 3 | B28: 45665 | C28: 이루미건설 | D28: 한강신도시반도유보라2차 | E28: 215200000 | J28: =IF(COUNT(I28),0,F28) -> 0 | K28: =E28*0.5% -> 1076000 | L28: 45665 | M28: 45666 | N28: 45666 | O28: =IF(COUNT(N28),0,K28) -> 0 | P28: =K28 -> 1076000
A29: =A28+1 -> 4 | B29: 45667 | C29: 대표건설 | D29: 영종도힐스테이트 | E29: 87800000 | F29: =(E29*1%)-295000 -> 583000 | G29: 45670 | I29: 45671 | J29: =IF(COUNT(I29),0,F29) -> 0 | O29: =IF(COUNT(N29),0,K29) -> 0 | P29: =표6[[#This Row],[금액]] -> 583000 | Q29: =IF(COUNT(O29),0,L29) -> 0 | R29: 자재 구매-590,000원(295,000원 차감)
A30: =A29+1 -> 5 | B30: 45670 | C30: 진성이앤지 | D30: 길동현대 | E30: 214800000 | J30: =IF(COUNT(I30),0,F30) -> 0 | K30: =E30*0.5% -> 1074000 | L30: 45670 | M30: 45672 | N30: 45672 | O30: =IF(COUNT(N30),0,K30) -> 0 | P30: =표6[[#This Row],[금액2]] -> 1074000
A31: =A30+1 -> 6 | B31: 45667 | C31: 진성이앤지 | D31: 일산 센트럴아이파크 | E31: 40000000 | F31: =(E31*1%) -> 400000 | G31: 45671 | I31: 45672 | J31: =IF(COUNT(I31),0,F31) -> 0 | O31: =IF(COUNT(N31),0,K31) -> 0 | P31: =F31 -> 400000 | Q31: =IF(COUNT(O31),0,L31) -> 0
A32: =A31+1 -> 7 | B32: 45668 | C32: 진성이앤지 | D32: 문촌 뉴삼익 | E32: 429800000 | F32: =(E32*1%)-3461000 -> 837000 | G32: 45671 | I32: 45672 | J32: =IF(COUNT(I32),0,F32) -> 0 | O32: =IF(COUNT(N32),0,K32) -> 0 | P32: =F32 -> 837000 | Q32: =IF(COUNT(O32),0,L32) -> 0 | R32: 자재 구매-3,461,000원(837,000원 차감)
